#{"t_start": 1680501172.1808028, "env_id": null}
r,l,t
-608329,3000,54.958888
-591325,3000,105.738366
-615328,3000,163.126358
-600309,3000,213.433605
-590325,3000,259.977398
-587304,3000,312.809863
-609351,3000,368.484246
-610353,3000,422.39244
-609338,3000,468.165059
-614332,3000,517.385318
-636318,3000,567.095567
-574316,3000,617.204738
-542325,3000,669.171271
-571308,3000,721.088556
-574317,3000,770.851663
-602335,3000,824.301707
-564325,3000,876.409112
-575327,3000,926.786458
-569317,3000,983.248883
-589323,3000,1033.804067
-609326,3000,1085.694985
-599314,3000,1141.665399
-564316,3000,1190.138169
-515314,3000,1239.980049
-625331,3000,1292.666486
-601322,3000,1346.335162
-592319,3000,1396.050588
-573325,3000,1446.459811
-612336,3000,1494.76661
-573308,3000,1544.009392
-560331,3000,1593.474253
-551326,3000,1649.513596
-589304,3000,1700.501258
-620323,3000,1754.922194
-582318,3000,1808.172674
-593308,3000,1863.925784
-572329,3000,1916.732898
-612304,3000,1969.421508
-583334,3000,2023.600876
-549320,3000,2075.770778
-579307,3000,2125.928469
-553301,3000,2180.338173
-554302,3000,2234.849922
-557319,3000,2281.272015
-590325,3000,2334.373422
-624301,3000,2384.97756
-547304,3000,2435.869415
-597338,3000,2486.399863
-611334,3000,2538.071114
-593308,3000,2586.606005
-566318,3000,2639.096919
-564297,3000,2690.320297
-606335,3000,2743.360878
-637314,3000,2796.14798
-617316,3000,2847.766954
-556300,3000,2898.779206
-596310,3000,2945.203859
-558317,3000,2998.932384
-604330,3000,3049.906431
-629335,3000,3100.419515
-564289,3000,3154.551897
-536326,3000,3210.159897
-601325,3000,3264.979566
-582334,3000,3315.878198
-601325,3000,3364.394497
-535322,3000,3418.647873
-586316,3000,3550.436648
-603333,3000,3597.23211
-552321,3000,3647.47062
-606305,3000,3702.94631
-600346,3000,3757.724604
-630348,3000,3806.676464
-579331,3000,3855.378357
-589333,3000,3909.939096
-596303,3000,3961.092947
-559300,3000,4013.612077
-581318,3000,4062.713148
-575327,3000,4112.591984
-566316,3000,4163.096896
-590286,3000,4216.963935
-585323,3000,4267.770729
-574328,3000,4317.363842
-585326,3000,4369.675138
-573317,3000,4419.734693
-533325,3000,4469.67976
-575309,3000,4522.709471
-595315,3000,4571.568709
-589318,3000,4620.70432
-582315,3000,4669.21653
-554308,3000,4721.206904
-566337,3000,4769.803121
-604307,3000,4820.183312
-588311,3000,4875.448296
-590352,3000,4923.820406
-538310,3000,4976.153605
-602330,3000,5030.845394
-567327,3000,5080.331423
-596331,3000,5131.284425
-515310,3000,5186.297848
-574336,3000,5238.157452
-571362,3000,5283.937851
-595349,3000,5337.617855
-576344,3000,5387.993705
-555300,3000,5439.670795
-522305,3000,5488.148589
-559319,3000,5535.406244
-543319,3000,5587.486363
-583330,3000,5641.857686
-563336,3000,5692.808311
-607316,3000,5742.213283
-575343,3000,5794.213397
-544308,3000,5848.095534
-605338,3000,5901.899947
-572325,3000,5956.047593
-582334,3000,6010.175067
-579326,3000,6063.29644
-528325,3000,6113.306645
-557326,3000,6165.255469
-585357,3000,6215.140044
-575307,3000,6270.024649
-539339,3000,6321.522519
-541315,3000,6372.294644
-548314,3000,6423.755076
-491322,3000,6476.559868
-570320,3000,6527.905822
-544331,3000,6579.487936
-555324,3000,6633.878736
-577354,3000,6684.316691
-548326,3000,6738.097121
-520345,3000,6792.426557
-579342,3000,6841.899578
-551342,3000,6891.535508
-534310,3000,6943.390232
-577331,3000,7083.624425
-569335,3000,7137.40292
-557328,3000,7187.35709
-570346,3000,7240.306435
-526289,3000,7292.46658
-558327,3000,7343.98869
-566327,3000,7398.079486
-573349,3000,7451.638692
-650367,3000,7507.194343
-553339,3000,7559.686313
-542345,3000,7617.315879
-579345,3000,7672.468657
-552321,3000,7724.44636
-553295,3000,7781.581
-540327,3000,7838.262842
-555320,3000,7894.429342
-572353,3000,7949.273218
-540334,3000,7999.327904
-556338,3000,8052.39651
-591345,3000,8104.3358
-536328,3000,8157.392509
-567305,3000,8207.701877
-550313,3000,8260.269098
-556333,3000,8315.372391
-551308,3000,8369.414423
-556322,3000,8424.896297
-566348,3000,8478.457
-522308,3000,8528.373986
-553319,3000,8575.919099
-548311,3000,8628.807151
-523316,3000,8677.597613
-500306,3000,8730.734061
-551302,3000,8783.047992
-536305,3000,8835.799636
-531336,3000,8887.369033
-518338,3000,8940.801758
-497322,3000,8995.085528
-536314,3000,9044.348817
-543334,3000,9096.538806
-514305,3000,9150.38318
-494313,3000,9200.585359
-508306,3000,9255.531911
-564327,3000,9307.737027
-545343,3000,9359.930121
-528342,3000,9413.175025
-538345,3000,9467.136808
-547340,3000,9521.12395
-580333,3000,9574.054861
-519308,3000,9626.657299
-510303,3000,9679.930281
-538348,3000,9732.768054
-513327,3000,9789.328196
-572321,3000,9843.616539
-561348,3000,9895.657666
-589346,3000,9949.862872
-527318,3000,10003.705817
-493336,3000,10057.36726
-528321,3000,10115.429619
-556341,3000,10169.126368
-524350,3000,10222.023564
-543352,3000,10273.505815
-545328,3000,10325.566742
-542337,3000,10380.123327
-497319,3000,10435.167069
-539330,3000,10489.25753
-512354,3000,10544.314017
-528339,3000,10597.527205
-543325,3000,10749.361542
-495313,3000,10809.969904
-508334,3000,10866.698804
-576341,3000,10924.640629
-548306,3000,10980.930207
-543348,3000,11033.96734
-538339,3000,11086.723649
-538341,3000,11143.511006
-520332,3000,11200.867415
-510321,3000,11250.494987
-510307,3000,11307.33976
-541340,3000,11363.6141
-536324,3000,11414.371284
-520342,3000,11466.698732
-554334,3000,11522.0405
-509325,3000,11581.0092
-525316,3000,11633.206875
-554329,3000,11686.40831
-505332,3000,11737.413677
-539313,3000,11794.091689
-542361,3000,11842.468793
-505310,3000,11899.080398
-487322,3000,11953.630174
-527334,3000,12006.727377
-556352,3000,12059.426171
-526336,3000,12114.044357
-527337,3000,12167.652796
-479298,3000,12220.532343
-525344,3000,12268.000044
-518349,3000,12317.332439
-503309,3000,12370.873446
-531320,3000,12428.860712
-515333,3000,12486.196758
-528328,3000,12539.571218
-499312,3000,12593.664098
-554361,3000,12643.93993
-524322,3000,12699.407333
-521337,3000,12753.912019
-444276,3000,12810.428206
-530344,3000,12865.592991
-534347,3000,12923.125646
-501310,3000,12974.730541
-488313,3000,13024.473997
-483350,3000,13077.446118
-494329,3000,13128.790428
-515340,3000,13182.648905
-529321,3000,13235.319903
-532325,3000,13292.982644
-563353,3000,13348.113153
-501327,3000,13398.574528
-515340,3000,13453.818808
-525347,3000,13506.957915
-501322,3000,13558.97679
-553360,3000,13610.457376
-514335,3000,13666.708006
-556346,3000,13722.806082
-501346,3000,13773.920864
-510342,3000,13828.142262
-515343,3000,13878.260406
-516331,3000,13931.897211
-542371,3000,13986.248507
-522359,3000,14041.660564
-499316,3000,14097.685927
-510350,3000,14149.936143
-526325,3000,14206.400421
-508306,3000,14258.969496
-501323,3000,14402.25854
-524329,3000,14456.435637
-533319,3000,14510.188991
-563362,3000,14560.468168
-487328,3000,14618.363343
-486332,3000,14671.775742
-475349,3000,14721.032041
-475295,3000,14773.414734
-522335,3000,14829.27464
-513337,3000,14885.865289
-513338,3000,14938.463853
-511349,3000,14990.008698
-530348,3000,15045.979878
-506324,3000,15100.635216
-481311,3000,15156.494257
-529352,3000,15208.45821
-496352,3000,15262.238653
-475323,3000,15315.835088
-516340,3000,15373.384893
-539337,3000,15430.984399
-543334,3000,15490.392289
-487334,3000,15545.313031
-501336,3000,15603.695548
-512352,3000,15663.50349
-497327,3000,15720.689949
-493351,3000,15773.67344
-486312,3000,15832.149331
-525348,3000,15887.649547
-513336,3000,15943.96294
-483334,3000,16001.023984
-489348,3000,16053.450859
-504326,3000,16111.365977
-474341,3000,16169.398038
-484343,3000,16225.226354
-493349,3000,16285.161346
-487308,3000,16342.386674
-538354,3000,16396.459605
-496329,3000,16456.384508
-468332,3000,16512.608976
-512367,3000,16571.156635
-461308,3000,16633.847959
-487327,3000,16688.248825
-521366,3000,16746.152977
-488335,3000,16804.083821
-521358,3000,16863.155536
-495358,3000,16920.706367
-521326,3000,16981.620353
-487338,3000,17043.274475
-513361,3000,17098.605623
-475340,3000,17158.185186
-457311,3000,17217.742449
-509328,3000,17279.855192
-498332,3000,17338.678189
-490334,3000,17397.062655
-514307,3000,17456.300891
-511357,3000,17514.372017
-495362,3000,17572.389566
-478341,3000,17629.768654
-479347,3000,17688.971813
-478329,3000,17744.671905
-473345,3000,17800.218996
-455339,3000,17856.795393
-494314,3000,17917.643437
-480326,3000,17977.751867
-456362,3000,18035.695831
-511367,3000,18092.692083
-465357,3000,18145.696877
-472328,3000,18291.447448
-493329,3000,18343.378557
-473326,3000,18397.935702
-486348,3000,18451.730212
-461322,3000,18506.339174
-511349,3000,18560.834089
-486332,3000,18619.783429
-483327,3000,18671.662681
-467353,3000,18727.18525
-486348,3000,18784.092437
-487350,3000,18839.643236
-476365,3000,18896.186914
-498357,3000,18954.632826
-488345,3000,19014.619477
-497327,3000,19066.523638
-509348,3000,19122.874931
-482343,3000,19182.406525
-478349,3000,19237.712679
-451339,3000,19292.472239
-478346,3000,19346.670716
-429319,3000,19401.011092
-486329,3000,19456.481816
-494356,3000,19509.465523
-491332,3000,19568.818385
-491337,3000,19623.596676
-452310,3000,19679.261141
-449348,3000,19732.683344
-433317,3000,19789.509885
-501351,3000,19843.896144
-464327,3000,19901.038728
-490346,3000,19956.70439
-461338,3000,20016.33266
-510339,3000,20068.763842
-462336,3000,20120.587091
-451331,3000,20182.249457
-502323,3000,20234.648407
-481355,3000,20286.713217
-467344,3000,20344.247109
-473352,3000,20400.802075
-489361,3000,20456.791063
-430337,3000,20510.658512
-442341,3000,20567.857183
-463341,3000,20621.619416
-474345,3000,20679.493356
-433319,3000,20733.43555
-454350,3000,20786.295409
-454341,3000,20839.169278
-495371,3000,20896.717546
-444345,3000,20950.764703
-474343,3000,21005.707152
-512350,3000,21059.783586
-469370,3000,21114.880191
-462337,3000,21169.649775
-446348,3000,21226.32967
-425337,3000,21281.584656
-464364,3000,21333.399187
-467353,3000,21391.35352
-488354,3000,21448.146359
-474349,3000,21505.616662
-455374,3000,21563.075829
-466355,3000,21618.852496
-499350,3000,21676.079186
-454356,3000,21732.51932
-441329,3000,21789.524539
-480347,3000,21842.876085
-483366,3000,21903.663424
-455342,3000,21964.770462
-474336,3000,22127.982131
-451344,3000,22186.027721
-482335,3000,22246.934332
-441361,3000,22304.26907
-473346,3000,22366.147853
-460357,3000,22421.418711
-447345,3000,22483.574258
-454317,3000,22539.630359
-466339,3000,22600.52606
-422318,3000,22661.424583
-493358,3000,22723.921761
-437321,3000,22784.017635
-443344,3000,22841.964134
-472369,3000,22899.857195
-451334,3000,22962.795374
-479344,3000,23026.312716
-436331,3000,23089.223083
-485357,3000,23149.546263
-445348,3000,23209.633767
-450370,3000,23271.142197
-449347,3000,23328.811302
-427339,3000,23390.561797
-474366,3000,23450.215463
-457361,3000,23509.766057
-455371,3000,23572.297138
-443351,3000,23632.837109
-463361,3000,23696.445985
-468365,3000,23753.824488
-444343,3000,23816.096182
-443359,3000,23875.035161
-411355,3000,23935.784429
-435320,3000,23995.331672
-429362,3000,24055.356307
-465369,3000,24116.123913
-457342,3000,24175.550822
-434373,3000,24237.378566
-439336,3000,24296.198754
-417332,3000,24357.608448
-428343,3000,24414.886232
-442355,3000,24473.537251
-465358,3000,24533.246072
-445336,3000,24594.034145
-409343,3000,24654.857397
-450363,3000,24714.956991
-477358,3000,24768.922616
-450346,3000,24826.804587
-441324,3000,24884.994789
-440347,3000,24944.257771
-459368,3000,25002.061715
-455357,3000,25062.484185
-450372,3000,25122.448123
-447374,3000,25177.804056
-402315,3000,25238.128397
-431334,3000,25299.781872
-434339,3000,25358.176067
-433348,3000,25415.566783
-428360,3000,25477.100873
-453347,3000,25538.964533
-473349,3000,25596.842546
-465350,3000,25656.675259
-438366,3000,25716.63193
-406363,3000,25778.507062
-443359,3000,25835.884758
-449358,3000,25895.900896
-450349,3000,25953.136038
-434363,3000,26009.643795
-429361,3000,26165.434008
-444369,3000,26229.941733
-403336,3000,26292.203324
-417354,3000,26352.483986
-465379,3000,26414.353698
-428353,3000,26476.835693
-406340,3000,26532.44519
-424334,3000,26595.020638
-448370,3000,26657.388706
-431344,3000,26717.553495
-439365,3000,26774.565813
-427356,3000,26835.383171
-416343,3000,26901.780773
-421366,3000,26963.185719
-458356,3000,27017.585004
-393338,3000,27075.356169
-426346,3000,27135.904611
-435350,3000,27199.766499
-425341,3000,27264.140421
-388331,3000,27322.96307
-399329,3000,27384.836024
-456367,3000,27445.625131
-434372,3000,27499.459873
-432365,3000,27564.934655
-438367,3000,27624.384804
-416351,3000,27684.453089
-430372,3000,27741.103605
-427340,3000,27807.722131
-425353,3000,27867.705563
-406358,3000,27923.765708
-415354,3000,27982.512884
-400343,3000,28043.605472
-418346,3000,28106.242764
-415367,3000,28164.206378
-410355,3000,28223.803881
-430365,3000,28282.070821
-397337,3000,28341.580085
-414349,3000,28402.8592
-440343,3000,28466.789321
-404350,3000,28525.426898
-435365,3000,28584.494401
-426360,3000,28648.193642
-439355,3000,28706.022449
-420326,3000,28767.318656
-433383,3000,28828.275786
-426351,3000,28890.096208
-404332,3000,28954.372864
-409342,3000,29013.395338
-403318,3000,29074.129257
-412366,3000,29131.323898
-436385,3000,29188.973811
-397360,3000,29250.488392
-407364,3000,29312.951556
-395337,3000,29375.479343
-423366,3000,29437.604005
-421345,3000,29493.566496
-399370,3000,29551.890781
-422377,3000,29610.964888
-405365,3000,29672.410354
-407376,3000,29729.883845
-406363,3000,29784.353264
-404364,3000,29846.899869
-444345,3000,29905.972234
-445371,3000,29969.555654
-412367,3000,30029.33734
-386359,3000,30090.809112
-422372,3000,30147.912855
-412358,3000,30309.76113
-422366,3000,30366.636569
-379372,3000,30426.999282
-405352,3000,30488.390697
-422364,3000,30549.361718
-376350,3000,30611.886758
-384373,3000,30671.884261
-404365,3000,30738.210644
-438360,3000,30803.080111
-405351,3000,30865.712508
-382349,3000,30924.280648
-411364,3000,30986.130051
-401367,3000,31045.812829
-398362,3000,31107.9496
-450375,3000,31167.087098
-376375,3000,31222.12419
-411388,3000,31289.197893
-416365,3000,31347.407505
-382364,3000,31410.130774
-421341,3000,31470.31058
-398364,3000,31531.133548
-398367,3000,31590.070136
-398366,3000,31651.651661
-414355,3000,31711.868687
-394366,3000,31781.423488
-424382,3000,31843.470329
-376352,3000,31898.738279
-388352,3000,31958.888505
-390349,3000,32013.107531
-406352,3000,32070.063354
-396380,3000,32126.829637
-426394,3000,32183.916639
-391367,3000,32241.147025
-362372,3000,32301.166614
-403363,3000,32357.322604
-401339,3000,32417.261213
-414356,3000,32476.48317
-419386,3000,32535.200139
-366336,3000,32589.296107
-375366,3000,32644.680611
-382377,3000,32696.660952
-414381,3000,32754.592892
-406361,3000,32813.993835
-369375,3000,32871.571491
-388371,3000,32926.885591
-380381,3000,32984.121552
-388360,3000,33040.699944
-394376,3000,33096.942698
-407373,3000,33154.331136
-391358,3000,33216.424356
-418400,3000,33274.700824
-366376,3000,33332.11357
-420366,3000,33385.371824
-397390,3000,33447.344521
-382354,3000,33506.608281
-371363,3000,33569.022754
-357356,3000,33626.006069
-378376,3000,33685.432058
-405376,3000,33744.165149
-384376,3000,33801.597266
-403381,3000,33861.373011
-409385,3000,33918.955716
-360364,3000,33972.165141
-381392,3000,34029.487081
-422400,3000,34083.289179
-375368,3000,34141.598836
-391338,3000,34203.311209
-390336,3000,34350.235873
-412380,3000,34407.713276
-388350,3000,34467.181984
-352349,3000,34528.166504
-382382,3000,34591.023079
-391375,3000,34647.62026
-374372,3000,34706.213429
-387388,3000,34762.344669
-357374,3000,34821.907594
-364359,3000,34878.773691
-383368,3000,34941.793501
-371376,3000,35000.616038
-377366,3000,35061.5701
-370364,3000,35114.131963
-365362,3000,35172.272302
-380389,3000,35229.365304
-400390,3000,35285.221515
-380386,3000,35339.207101
-380378,3000,35397.781019
-368355,3000,35456.521897
-373361,3000,35514.540622
-353353,3000,35569.871207
-348385,3000,35621.009957
-344345,3000,35681.311828
-346344,3000,35740.243697
-365376,3000,35798.994835
-325365,3000,35859.336293
-350402,3000,35920.684077
-371364,3000,35978.778865
-372363,3000,36040.543671
-384370,3000,36097.680941
-392389,3000,36157.0661
-371387,3000,36216.982154
-358373,3000,36274.106431
-408379,3000,36333.404749
-407393,3000,36390.377968
-394349,3000,36452.862948
-362358,3000,36514.067948
-378349,3000,36573.061671
-355361,3000,36632.011036
-367398,3000,36687.906862
-375381,3000,36749.916331
-392394,3000,36805.832707
-399371,3000,36865.20316
-362361,3000,36919.789798
-394367,3000,36977.851405
-352361,3000,37033.215355
-367367,3000,37089.998733
-414403,3000,37143.146984
-336388,3000,37207.799082
-357384,3000,37268.348193
-383367,3000,37327.198503
-373375,3000,37384.313241
-335399,3000,37443.039351
-354372,3000,37497.711121
-340359,3000,37557.202642
-351419,3000,37616.006493
-343384,3000,37678.829314
-359373,3000,37738.978349
-376357,3000,37798.204798
-336372,3000,37858.257125
-352367,3000,37912.488533
-363363,3000,37966.957854
-381394,3000,38029.238386
-359393,3000,38085.488059
-349378,3000,38144.826245
-344370,3000,38297.818066
-364395,3000,38363.734143
-372395,3000,38426.790354
-375389,3000,38488.566804
-382380,3000,38550.624135
-390385,3000,38606.218688
-333396,3000,38663.759404
-341381,3000,38722.703618
-330404,3000,38778.030832
-344359,3000,38840.214295
-361395,3000,38897.222958
-343389,3000,38951.976865
-364385,3000,39013.493605
-335392,3000,39067.438679
-335354,3000,39134.171992
-370389,3000,39192.503906
-374376,3000,39249.799318
-331374,3000,39307.092954
-338375,3000,39367.455116
-360382,3000,39425.439955
-331379,3000,39481.899617
-332376,3000,39544.842027
-352370,3000,39604.868036
-329354,3000,39662.199996
-364396,3000,39723.682304
-333360,3000,39784.802857
-331375,3000,39844.858292
-358371,3000,39904.196938
-369398,3000,39965.218396
-343366,3000,40021.750824
-328372,3000,40083.091927
-377354,3000,40145.075931
-359385,3000,40205.832324
-351368,3000,40266.070072
-328379,3000,40327.969973
-345390,3000,40384.139486
-365407,3000,40445.6259
-345371,3000,40508.149846
-352370,3000,40571.077847
-360358,3000,40629.984924
-360395,3000,40689.090047
-342359,3000,40752.083055
-351422,3000,40813.828042
-322378,3000,40876.759199
-329370,3000,40935.409336
-345388,3000,40995.918195
-305382,3000,41054.543147
-332363,3000,41115.13744
-347374,3000,41176.905988
-349377,3000,41236.906724
-358389,3000,41296.819504
-329373,3000,41357.575011
-335391,3000,41412.769897
-332381,3000,41470.582151
-321364,3000,41534.212178
-337382,3000,41595.255375
-327365,3000,41655.327289
-348384,3000,41714.458446
-344393,3000,41773.890863
-324391,3000,41829.907871
-327396,3000,41886.661724
-317363,3000,41946.736735
-329391,3000,42004.522944
-341388,3000,42062.851342
-328374,3000,42126.466177
-344386,3000,42193.094315
-336391,3000,42252.19386
-344387,3000,42409.589118
-360381,3000,42472.998479
-326372,3000,42538.437082
-337393,3000,42600.968511
-350366,3000,42661.838935
-350394,3000,42725.265121
-328376,3000,42783.61152
-334387,3000,42850.265574
-339397,3000,42911.607004
-345373,3000,42972.411716
-330398,3000,43032.576364
-362400,3000,43096.366539
-325394,3000,43156.586024
-308393,3000,43229.312315
-351397,3000,43286.533408
-341368,3000,43345.146515
-320371,3000,43407.470093
-326367,3000,43469.807415
-347419,3000,43530.076011
-319392,3000,43586.456292
-336413,3000,43648.527504
-332388,3000,43709.284717
-326388,3000,43774.3229
-312362,3000,43837.21347
-330375,3000,43902.972556
-346401,3000,43961.59337
-358389,3000,44022.237536
-349385,3000,44080.27034
-299376,3000,44142.178609
-320398,3000,44199.911146
-299392,3000,44261.481184
-316395,3000,44328.173684
-324387,3000,44388.541707
-331391,3000,44444.141926
-287396,3000,44501.197503
-319383,3000,44561.043798
-314380,3000,44619.723245
-329375,3000,44686.819179
-330410,3000,44740.805885
-304400,3000,44806.596107
-313389,3000,44866.161187
-324377,3000,44924.61919
-330404,3000,44990.397913
-296389,3000,45051.435514
-331389,3000,45110.389225
-319371,3000,45172.224495
-306373,3000,45234.552001
-317381,3000,45292.007641
-346388,3000,45354.984298
-326397,3000,45420.279286
-323391,3000,45480.623304
-329382,3000,45543.31701
-319376,3000,45607.153464
-326404,3000,45667.537282
-307389,3000,45728.681357
-338394,3000,45793.230761
-336414,3000,45852.616537
-333386,3000,45909.872581
-313421,3000,45969.431187
-326402,3000,46030.59023
-332384,3000,46093.434917
-311388,3000,46156.92409
-335400,3000,46217.483626
-297378,3000,46280.960713
-311391,3000,46343.354898
-297383,3000,46406.898317
-324411,3000,46465.828833
-302394,3000,46617.487044
-295387,3000,46678.894573
-298385,3000,46740.692364
-344426,3000,46805.6616
-313402,3000,46861.462567
-333408,3000,46925.405953
-306391,3000,46985.013646
-301390,3000,47045.565735
-329408,3000,47109.170331
-313395,3000,47172.599652
-344389,3000,47234.46123
-309388,3000,47300.128308
-311372,3000,47365.425287
-312387,3000,47433.036535
-275378,3000,47500.37965
-318406,3000,47561.937134
-298380,3000,47628.029952
-322403,3000,47693.406198
-303398,3000,47758.884887
-272378,3000,47823.89223
-312379,3000,47885.311021
-287383,3000,47956.485875
-316405,3000,48020.273807
-291387,3000,48083.727072
-315429,3000,48148.93667
-287399,3000,48204.797019
-298411,3000,48269.86108
-295400,3000,48331.776689
-312401,3000,48402.362775
-311395,3000,48461.276904
-316419,3000,48524.663274
-297387,3000,48593.152247
-320408,3000,48656.710579
-317397,3000,48718.926848
-280397,3000,48779.142101
-292393,3000,48839.89433
-304418,3000,48897.218727
-305419,3000,48957.741669
-269386,3000,49019.353137
-291364,3000,49083.119158
-309390,3000,49147.174166
-303399,3000,49205.379513
-317395,3000,49265.33897
-277400,3000,49329.924509
-296402,3000,49395.205099
-287380,3000,49456.796113
-285402,3000,49518.595551
-294420,3000,49585.944179
-276404,3000,49645.774205
-289390,3000,49709.427969
-294401,3000,49776.24722
-301417,3000,49841.161101
-274388,3000,49902.662334
-285401,3000,49964.072918
-277391,3000,50030.265845
-288368,3000,50092.759016
-273397,3000,50160.937322
-288423,3000,50224.456494
-303395,3000,50285.517309
-270395,3000,50351.124059
-304396,3000,50415.351428
-294412,3000,50478.256974
-305421,3000,50540.198218
-288409,3000,50604.69417
-272423,3000,50663.066463
-300411,3000,50722.481929
-276400,3000,50883.632271
-290385,3000,50942.499712
-293396,3000,51005.797921
-288411,3000,51066.247094
-314420,3000,51130.28322
-276407,3000,51195.959066
-288409,3000,51258.689042
-283405,3000,51325.703857
-312400,3000,51385.115947
-299401,3000,51447.97266
-247421,3000,51510.362681
-310383,3000,51573.200609
-273394,3000,51639.68003
-332420,3000,51708.580426
-274403,3000,51776.521121
-289400,3000,51840.331415
-278409,3000,51909.167067
-273414,3000,51975.265183
-270403,3000,52040.736947
-305390,3000,52103.950932
-249374,3000,52169.013303
-297378,3000,52229.236236
-283432,3000,52292.811483
-270415,3000,52356.854558
-273419,3000,52424.005504
-265413,3000,52487.954893
-296419,3000,52550.035187
-281384,3000,52611.628935
-265405,3000,52674.084778
-292415,3000,52737.97862
-259408,3000,52804.664126
-290415,3000,52872.529396
-300432,3000,52935.954447
-267409,3000,53001.804625
-302426,3000,53066.798184
-285420,3000,53131.06036
-278416,3000,53193.180762
-308403,3000,53257.749662
-290402,3000,53323.43189
-288416,3000,53384.10756
-269405,3000,53452.4955
-287385,3000,53517.451164
-234404,3000,53587.862723
-225402,3000,53654.569102
-295402,3000,53718.183348
-274391,3000,53782.530596
-311415,3000,53844.334296
-295412,3000,53906.976469
-260366,3000,53972.401586
-273407,3000,54038.754179
-268416,3000,54107.858832
-288415,3000,54176.035685
-268417,3000,54245.283464
-295409,3000,54315.06355
-298400,3000,54379.034711
-260411,3000,54444.153582
-256401,3000,54509.474898
-250418,3000,54574.259019
-259413,3000,54633.277801
-259401,3000,54701.431811
-282417,3000,54764.699937
-269421,3000,54830.187301
-268416,3000,54889.982171
-264425,3000,54954.616185
-255404,3000,55021.796384
-265403,3000,55084.373331
-274407,3000,55145.450986
-268408,3000,55316.741016
-261416,3000,55382.706306
-272420,3000,55446.215114
-285425,3000,55509.89936
-290417,3000,55571.513165
-284392,3000,55634.768234
-267414,3000,55697.387039
-297398,3000,55765.39984
-253427,3000,55834.393738
-233418,3000,55905.664037
-267398,3000,55969.91204
-241416,3000,56043.369215
-245415,3000,56106.886557
-273408,3000,56175.393301
-250400,3000,56237.843146
-274434,3000,56304.256812
-299440,3000,56370.128338
-230404,3000,56440.121238
-234413,3000,56506.407919
-292438,3000,56572.776298
-246402,3000,56634.744816
-252419,3000,56704.454607
-260416,3000,56772.637558
-258409,3000,56837.596738
-268415,3000,56894.629305
-246396,3000,56958.623278
-247445,3000,57023.386278
-239419,3000,57087.352412
-231405,3000,57156.820954
-277431,3000,57223.467971
-224364,3000,57286.67904
-252410,3000,57351.572414
-263432,3000,57419.358131
-252399,3000,57481.651996
-249427,3000,57551.426069
-256429,3000,57614.923258
-266411,3000,57674.014689
-238414,3000,57738.852228
-257397,3000,57807.422275
-258402,3000,57870.3467
-227376,3000,57939.450387
-245406,3000,58002.321413
-245434,3000,58073.820849
-268395,3000,58136.354906
-241396,3000,58204.714258
-253395,3000,58272.575845
-249404,3000,58336.550046
-251423,3000,58403.548969
-242393,3000,58466.681201
-278414,3000,58535.046226
-270400,3000,58599.271094
-234406,3000,58664.944788
-243407,3000,58733.764128
-255433,3000,58801.271302
-266404,3000,58867.1124
-252390,3000,58927.796743
-239402,3000,58996.016502
-237397,3000,59061.859545
-247420,3000,59126.893081
-278411,3000,59188.231633
-251396,3000,59251.59762
-232397,3000,59318.436264
-231431,3000,59385.686582
-248401,3000,59452.042146
-251417,3000,59515.750421
-246400,3000,59583.904089
-236414,3000,59650.863127
-224411,3000,59812.389192
-283422,3000,59874.181815
-244395,3000,59937.582439
-228406,3000,60000.068708
-223411,3000,60068.555901
-257416,3000,60135.73692
-242421,3000,60205.879719
-228397,3000,60276.818457
-247439,3000,60342.001545
-263442,3000,60407.026434
-242418,3000,60474.645725
-233414,3000,60543.920034
-252403,3000,60612.149822
-259402,3000,60682.0245
-241402,3000,60741.62899
-248422,3000,60806.021334
-211406,3000,60872.132771
-233371,3000,60941.825602
-248405,3000,61005.328928
-281428,3000,61065.717332
-221424,3000,61127.508835
-261422,3000,61193.937465
-246435,3000,61263.711663
-222429,3000,61338.117925
-243426,3000,61406.261674
-260432,3000,61469.478276
-242418,3000,61538.833816
-256439,3000,61607.297867
-234421,3000,61669.392856
-246399,3000,61738.066163
-210416,3000,61805.835829
-216430,3000,61872.033532
-251443,3000,61936.84638
-200437,3000,62000.532808
-243420,3000,62067.269548
-252430,3000,62131.287121
-225407,3000,62195.429047
-250410,3000,62257.972402
-252429,3000,62323.134858
-229436,3000,62388.87342
-250426,3000,62454.326244
-234408,3000,62524.674037
-232414,3000,62589.120538
-220435,3000,62660.221101
-240408,3000,62729.078922
-227413,3000,62797.604863
-245423,3000,62864.053404
-226408,3000,62932.425904
-218397,3000,62999.043191
-234439,3000,63069.362942
-241397,3000,63134.335196
-221433,3000,63202.265661
-231402,3000,63265.016593
-251439,3000,63328.220726
-205415,3000,63394.030694
-240409,3000,63460.20016
-218398,3000,63527.340285
-213431,3000,63594.888401
-226417,3000,63659.593239
-234439,3000,63727.295938
-203416,3000,63791.00808
-215401,3000,63857.032441
-235444,3000,63917.750668
-229415,3000,63983.571239
-235441,3000,64048.599137
-224406,3000,64114.25316
-214419,3000,64272.043319
-218431,3000,64337.429206
-228421,3000,64403.061192
-212422,3000,64470.87025
-214444,3000,64538.865576
-198410,3000,64602.195276
-225432,3000,64668.489954
-217430,3000,64734.510352
-207446,3000,64801.42701
-221409,3000,64866.299803
-229441,3000,64935.681827
-208431,3000,65008.883022
-210432,3000,65083.735597
-203420,3000,65154.139477
-204427,3000,65221.074466
-222416,3000,65286.262723
-220455,3000,65359.700693
-192437,3000,65432.05211
-210444,3000,65496.354903
-216408,3000,65564.261588
-230398,3000,65627.226207
-229429,3000,65695.388692
-236419,3000,65764.319674
-209432,3000,65828.696435
-216423,3000,65896.986583
-214427,3000,65968.23951
-239430,3000,66033.107722
-209428,3000,66097.17054
-217426,3000,66168.012155
-211415,3000,66235.401595
-225446,3000,66299.613378
-182428,3000,66363.537644
-208444,3000,66427.998725
-218416,3000,66493.801041
-221426,3000,66560.915854
-224436,3000,66626.59105
-222441,3000,66695.989405
-208417,3000,66764.721631
-218441,3000,66832.116577
-206438,3000,66902.274436
-206420,3000,66966.994497
-207427,3000,67033.877041
-209404,3000,67101.485683
-198413,3000,67169.593051
-215402,3000,67240.278075
-213420,3000,67304.644578
-217397,3000,67371.566999
-189395,3000,67432.771825
-208423,3000,67504.993305
-224455,3000,67575.50913
-209424,3000,67640.635307
-195414,3000,67708.388051
-213418,3000,67773.662661
-200425,3000,67842.354563
-202435,3000,67907.654083
-206435,3000,67979.345473
-218440,3000,68054.405306
-195440,3000,68122.49005
-217434,3000,68191.714036
-220425,3000,68258.806133
-213444,3000,68321.910915
-176415,3000,68392.253075
-209415,3000,68460.782971
-188416,3000,68530.650062
-161392,3000,68601.867017
-203410,3000,68666.773407
-224435,3000,68734.59722
-196438,3000,68903.306158
-203429,3000,68981.552068
-197434,3000,69049.942913
-215413,3000,69121.081353
-205452,3000,69187.292789
-207434,3000,69261.928821
-207443,3000,69329.299319
-202447,3000,69398.220098
-205410,3000,69467.321066
-209432,3000,69534.62494
-201431,3000,69599.76947
-217454,3000,69665.410283
-200432,3000,69739.954511
-201423,3000,69811.326212
-237417,3000,69873.646162
-198433,3000,69944.609636
-163404,3000,70013.233983
-200421,3000,70078.653694
-185446,3000,70149.818722
-201436,3000,70215.805861
-186432,3000,70284.781815
-167410,3000,70353.742383
-201421,3000,70418.262027
-208433,3000,70485.646682
-201441,3000,70552.611055
-203424,3000,70614.717021
-192425,3000,70678.58391
-175431,3000,70749.376028
-223425,3000,70815.719027
-196426,3000,70883.395104
-185431,3000,70956.807299
-197422,3000,71027.777874
-207440,3000,71097.979904
-190440,3000,71168.586359
-195433,3000,71240.106341
-206416,3000,71308.893153
-183412,3000,71380.311695
-211429,3000,71449.823048
-190431,3000,71516.357391
-177440,3000,71585.115969
-222442,3000,71654.256958
-201446,3000,71723.250189
-178441,3000,71793.621763
-184454,3000,71858.084686
-196444,3000,71928.079405
-205471,3000,71994.045486
-190452,3000,72063.831292
-201431,3000,72130.076092
-200430,3000,72196.120416
-177413,3000,72264.626594
-196443,3000,72332.291612
-200435,3000,72401.071735
-196440,3000,72471.184007
-177431,3000,72539.382947
-196435,3000,72611.674342
-209454,3000,72678.981616
-197453,3000,72744.955751
-179441,3000,72813.332631
-197427,3000,72880.858204
-180433,3000,72949.125479
-170448,3000,73018.894108
-175437,3000,73085.177881
-174424,3000,73154.327899
-196461,3000,73217.0884
-205423,3000,73287.288225
-193440,3000,73360.78234
-174435,3000,73432.651889
-193436,3000,73596.742842
-185401,3000,73664.739163
-179420,3000,73727.744045
-191427,3000,73799.734557
-178450,3000,73869.863504
-185429,3000,73940.150568
-197462,3000,74008.952815
-167426,3000,74077.115519
-170417,3000,74146.578929
-186418,3000,74214.061814
-190449,3000,74285.829708
-172456,3000,74360.640031
-192428,3000,74432.489827
-181443,3000,74499.871799
-183439,3000,74570.884331
-159447,3000,74636.698877
-200446,3000,74703.329383
-177436,3000,74770.647635
-174438,3000,74839.258985
-183434,3000,74912.328485
-205447,3000,74982.894542
-160433,3000,75055.29868
-178441,3000,75123.368507
-177442,3000,75187.830349
-165440,3000,75259.080765
-157447,3000,75329.056218
-189447,3000,75393.735904
-188425,3000,75462.892515
-171406,3000,75527.040449
-176435,3000,75592.548398
-206436,3000,75660.736097
-166401,3000,75732.093758
-181428,3000,75800.317545
-175450,3000,75873.702723
-177440,3000,75945.290573
-177434,3000,76013.61492
-177442,3000,76085.87049
-175430,3000,76161.005987
-161443,3000,76235.970396
-176420,3000,76304.701135
-183444,3000,76372.625425
-176432,3000,76442.290192
-173422,3000,76512.432875
-205454,3000,76584.727273
-188451,3000,76657.541764
-164424,3000,76727.291672
-164429,3000,76792.488688
-177432,3000,76863.799406
-165430,3000,76933.943068
-187454,3000,77006.01869
-174462,3000,77077.268018
-179471,3000,77149.698172
-168425,3000,77219.604196
-176433,3000,77291.706558
-163435,3000,77363.331648
-166430,3000,77431.732768
-161449,3000,77503.387673
-165426,3000,77573.617847
-176434,3000,77644.867918
-150447,3000,77711.396156
-143409,3000,77782.772476
-171434,3000,77853.374984
-152427,3000,77928.439205
-169440,3000,78000.28886
-184458,3000,78068.607921
-157425,3000,78139.397254
-164429,3000,78308.985185
-174439,3000,78381.423763
86.106205
-174461,3000,75259.223158
-164424,3000,75332.023851
-186448,3000,75403.697146
-180427,3000,75476.100691
-158440,3000,75546.475863
-177437,3000,75614.050437
-172437,3000,75687.73968
-160464,3000,75757.884272
-164457,3000,75829.076252
-162429,3000,75900.529964
-157427,3000,75968.283239
-177457,3000,76042.945417
-141430,3000,76113.761111
-167439,3000,76181.675472
-172434,3000,76252.207873
-160462,3000,76319.652104
-140435,3000,76400.156772
-162444,3000,76473.546388
-156435,3000,76549.815901
-168441,3000,76626.288237
-143434,3000,76699.190246
-144422,3000,76769.57661
-172432,3000,76836.383664
-186469,3000,76913.015692
-174460,3000,76988.758599
-162465,3000,77053.48359
-178469,3000,77122.320529
-150460,3000,77192.288641
-177460,3000,77260.751641
-172449,3000,77334.474509
-164467,3000,77405.363537
-174473,3000,77476.989879
-181458,3000,77542.84364
-182467,3000,77613.79056
-157440,3000,77682.435818
-142443,3000,77753.806599
-171443,3000,77828.424432
-151446,3000,77895.64459
-146445,3000,77962.651038
-153456,3000,78038.765583
-170450,3000,78105.58563
-142457,3000,78180.944828
-145443,3000,78251.271956
-177450,3000,78321.443954
-151452,3000,78392.45094
-156449,3000,78469.878518
-144439,3000,78545.517832
-153458,3000,78615.442819
-166460,3000,78688.62445
-143468,3000,78761.673735
-142433,3000,78830.907486
-131432,3000,78900.198188
-173430,3000,78971.04817
-123467,3000,79053.075642
-162463,3000,79128.118593
-135450,3000,79197.157948
-164451,3000,79270.828604
-160463,3000,79349.631431
-146465,3000,79422.870229
-178453,3000,79495.604144
-154434,3000,79570.325059
-145459,3000,79641.968345
-133440,3000,79715.07698
-140436,3000,79785.667191
-146446,3000,79964.731534
-157442,3000,80036.430366
-152452,3000,80112.071769
-131466,3000,80184.862765
-171438,3000,80259.150989
-156429,3000,80331.0936
-149452,3000,80405.084796
-175450,3000,80472.374035
-151439,3000,80548.690045
-165459,3000,80616.980313
-156445,3000,80685.716292
-150443,3000,80760.784863
-149467,3000,80836.905029
-131484,3000,80920.236197
-139449,3000,80991.255666
-166453,3000,81061.639987
-143451,3000,81137.782625
-144451,3000,81206.681414
-145459,3000,81281.471345
-130477,3000,81361.441536
-140434,3000,81436.062129
-134464,3000,81513.77359
-138443,3000,81588.255313
-149463,3000,81662.611188
-128460,3000,81735.430354
-137467,3000,81812.344441
-135442,3000,81885.124851
-137446,3000,81956.28688
-145451,3000,82028.695399
-127460,3000,82107.454337
-177444,3000,82174.188676
-138457,3000,82248.849195
-153474,3000,82324.03952
-162448,3000,82407.391689
-144455,3000,82483.172212
-143503,3000,82564.250462
-136450,3000,82647.99176
-139457,3000,82726.313628
-166467,3000,82805.917878
-136474,3000,82878.92818
-148456,3000,82957.98953
-155466,3000,83036.966755
-127445,3000,83119.741827
-140445,3000,83191.919956
-130445,3000,83271.360016
-150446,3000,83341.826203
-125438,3000,83414.895188
-137447,3000,83490.130858
-116490,3000,83568.702821
-161443,3000,83642.071222
-127468,3000,83724.658765
-153445,3000,83795.006584
-115461,3000,83874.330688
-122444,3000,83951.682811
-135482,3000,84030.532543
-136471,3000,84111.62694
-127461,3000,84188.077955
-134469,3000,84265.570525
-130485,3000,84344.418756
-137471,3000,84417.064494
-128458,3000,84491.54895
-116452,3000,84568.600572
-121466,3000,84647.906609
-138468,3000,84726.118513
-130455,3000,84804.752275
-130465,3000,84881.357042
-148480,3000,84953.748966
-140466,3000,85128.913715
-124455,3000,85202.393141
-140427,3000,85278.644782
-143478,3000,85353.761391
-143465,3000,85426.166904
-128496,3000,85503.91104
-122455,3000,85582.678583
-129473,3000,85654.79907
-127482,3000,85733.932001
-122486,3000,85810.518286
-131474,3000,85887.056308
-131460,3000,85969.343093
-132456,3000,86044.537757
-141465,3000,86118.936402
-114429,3000,86191.902523
-134467,3000,86265.238715
-106459,3000,86339.86622
-120457,3000,86412.601078
-109479,3000,86487.118763
-132489,3000,86560.993115
-135493,3000,86631.543732
-143461,3000,86704.056544
-116488,3000,86778.841041
-135487,3000,86851.826084
-141451,3000,86932.982889
-152487,3000,87006.83024
-128450,3000,87079.258723
-108466,3000,87151.499543
-104466,3000,87228.697647
-125487,3000,87307.525783
-115475,3000,87385.358473
-112486,3000,87469.281807
-109447,3000,87550.684976
-114455,3000,87634.203035
-123456,3000,87718.35636
-140483,3000,87798.963342
-112466,3000,87877.02572
-132484,3000,87955.319452
-115449,3000,88034.44944
-113485,3000,88117.014778
-121504,3000,88205.126709
-115473,3000,88286.350192
-122455,3000,88363.953042
-115486,3000,88443.628755
-119456,3000,88522.472946
-131513,3000,88601.656044
-118493,3000,88691.219935
-117470,3000,88771.288394
-110463,3000,88852.776788
-123472,3000,88933.348133
-113484,3000,89017.384398
-124475,3000,89092.380157
-116457,3000,89169.378185
-134478,3000,89250.74461
-104458,3000,89336.128557
-92458,3000,89422.72753
-119453,3000,89496.200257
-108445,3000,89576.783975
-126485,3000,89660.705335
-126469,3000,89731.848367
-107486,3000,89814.321831
-110458,3000,89891.414964
-123481,3000,89974.77226
-113468,3000,90051.898101
-103491,3000,90131.427554
-114482,3000,90215.104404
-121454,3000,90394.872153
-131490,3000,90478.11548
-137485,3000,90556.440974
-103469,3000,90628.591917
-109449,3000,90708.303253
-105486,3000,90784.828322
-118471,3000,90858.192681
-99485,3000,90934.56082
-106470,3000,91016.653652
-111509,3000,91092.066819
-125480,3000,91169.584969
-134508,3000,91243.969461
-129470,3000,91317.479036
-127469,3000,91392.225829
-116461,3000,91470.994518
-108489,3000,91553.976371
-107482,3000,91631.087737
-97484,3000,91710.536006
-104464,3000,91785.616179
-109461,3000,91867.18638
-84481,3000,91948.299201
-117483,3000,92028.78111
-112442,3000,92097.914442
-108481,3000,92178.14677
-100487,3000,92260.670886
-99498,3000,92341.397933
-109458,3000,92416.397661
-124485,3000,92494.435834
-102459,3000,92570.491676
-114446,3000,92644.61525
-107448,3000,92722.885639
-115476,3000,92796.473119
-101510,3000,92877.481426
-109480,3000,92952.619534
-114533,3000,93036.567466
-99472,3000,93112.962066
-94450,3000,93188.909631
-118482,3000,93262.451195
-81474,3000,93336.404613
-105477,3000,93413.327018
-104476,3000,93491.011969
-115472,3000,93571.134355
-93480,3000,93651.891193
-103488,3000,93732.826759
-102475,3000,93810.766313
-117439,3000,93889.87295
-88460,3000,93974.395781
-125460,3000,94055.878689
-108503,3000,94138.347099
-125481,3000,94230.945127
-102517,3000,94321.10327
-123475,3000,94399.937101
-94497,3000,94488.51477
-88487,3000,94570.783974
-108463,3000,94650.581776
-96483,3000,94735.71587
-107484,3000,94823.984472
-89510,3000,94917.562871
-100463,3000,95000.005695
-102476,3000,95084.537225
-91495,3000,95170.437568
-92474,3000,95258.4819
-107488,3000,95340.655927
-99488,3000,95421.417192
-114481,3000,95506.446851
-96482,3000,95593.018752
-92469,3000,95681.183347
-94466,3000,95876.412173
-93490,3000,95959.719826
-95510,3000,96050.317663
-86478,3000,96139.949461
-97485,3000,96220.049941
-102511,3000,96303.961002
-101473,3000,96393.342159
-80470,3000,96481.527433
-104481,3000,96564.320349
-93517,3000,96648.680092
-89508,3000,96738.841349
-91503,3000,96821.622007
-98512,3000,96906.045975
-96452,3000,96987.40988
-86516,3000,97075.476445
-97494,3000,97155.20973
-88494,3000,97240.827216
-105481,3000,97321.895742
-104488,3000,97400.677716
-102505,3000,97482.299935
-95493,3000,97571.450194
-94465,3000,97651.60048
-84467,3000,97734.766188
-97481,3000,97821.79768
-80500,3000,97908.58297
-93505,3000,97989.441157
-91497,3000,98074.752868
-72501,3000,98158.634527
-94508,3000,98242.065616
-80507,3000,98330.011329
-91464,3000,98416.132243
-89503,3000,98500.099784
-92454,3000,98577.934839
-80507,3000,98665.433446
-80511,3000,98753.558946
-84486,3000,98835.335181
-80490,3000,98926.569936
-91495,3000,99015.541405
-103483,3000,99102.149858
-100507,3000,99191.343668
-78523,3000,99280.383359
-100472,3000,99361.450116
-93502,3000,99444.714437
-86496,3000,99527.044575
-78521,3000,99616.886455
-108511,3000,99693.065659
-73500,3000,99778.678209
-84483,3000,99865.070835
-92521,3000,99952.979959
-78501,3000,100039.05039
-81468,3000,100119.9808
-83508,3000,100205.625031
-87521,3000,100289.582702
-66507,3000,100377.565483
-73507,3000,100461.307568
-81499,3000,100542.885417
-69530,3000,100633.078911
-81443,3000,100717.737381
-90498,3000,100803.713095
-86482,3000,100882.736545
-88498,3000,100964.95701
-61504,3000,101057.819958
-96482,3000,101141.719207
-84498,3000,101230.728486
-75505,3000,101313.825091
-82486,3000,101398.044609
-79499,3000,101485.09099
-81493,3000,101671.53512
-88507,3000,101751.408879
-73490,3000,101837.742603
-61483,3000,101922.59714
-60516,3000,102009.754287
-70512,3000,102093.55829
-78475,3000,102175.153807
-66519,3000,102269.396689
-95496,3000,102363.13527
-67496,3000,102448.848893
-75505,3000,102532.178318
-81490,3000,102626.884911
-82523,3000,102716.0205
-83510,3000,102807.143149
-81514,3000,102892.784597
-74504,3000,102980.845145
-82506,3000,103070.284309
-81513,3000,103153.457366
-69511,3000,103240.33895
-70528,3000,103333.403205
-67490,3000,103419.48322
-90491,3000,103506.780832
-96482,3000,103594.406438
-59500,3000,103685.546342
-74503,3000,103767.472621
-71497,3000,103850.114323
-68521,3000,103932.242076
-69503,3000,104011.636452
-77521,3000,104089.369284
-67508,3000,104164.551243
-71479,3000,104239.708691
-68514,3000,104318.475566
-54511,3000,104402.54525
-81510,3000,104478.038002
-67505,3000,104557.480518
-78491,3000,104638.068129
-60504,3000,104720.805307
-82531,3000,104798.175179
-58502,3000,104886.755959
-71523,3000,104967.552573
-62529,3000,105053.731611
-80495,3000,105135.44581
-65538,3000,105219.372796
-59509,3000,105297.291761
-70520,3000,105386.668918
-73537,3000,105471.514725
-58510,3000,105550.086761
-78514,3000,105626.954617
-76512,3000,105715.092941
-69517,3000,105800.764557
-73516,3000,105877.63762
-84523,3000,105957.340074
-75512,3000,106040.079077
-52518,3000,106117.161315
-53529,3000,106199.866943
-62529,3000,106288.115279
-67500,3000,106374.943998
-75517,3000,106464.010521
-64496,3000,106550.964684
-51497,3000,106637.528737
-66523,3000,106727.179505
-56507,3000,106813.75422
-57515,3000,106896.1931
-61537,3000,106989.31693
-50500,3000,107075.416161
-63540,3000,107164.874173
-69503,3000,107357.694795
-51528,3000,107446.527522
-47501,3000,107529.496294
-51524,3000,107609.683326
-64521,3000,107697.385313
-61527,3000,107785.94939
-75518,3000,107865.822352
-78515,3000,107948.855992
-54553,3000,108034.813065
-63531,3000,108119.681386
-56517,3000,108202.047667
-62508,3000,108280.951708
-51503,3000,108358.650322
-65562,3000,108443.93952
-66531,3000,108525.334271
-46569,3000,108614.342682
-61532,3000,108704.197783
-59518,3000,108787.723171
-60557,3000,108876.761926
-65527,3000,108963.380354
-52508,3000,109048.037974
-71532,3000,109131.802964
-59528,3000,109211.726131
-50515,3000,109302.661315
-69517,3000,109386.922569
-57499,3000,109473.856751
-64527,3000,109560.807174
-59531,3000,109642.121721
-60551,3000,109731.814132
-61522,3000,109820.645749
-67510,3000,109903.603998
-43539,3000,109990.945161
-67526,3000,110074.012795
-49546,3000,110160.91303
-57563,3000,110259.671396
-64568,3000,110349.577197
-62559,3000,110437.063957
-54511,3000,110517.353353
-75529,3000,110608.654877
-61532,3000,110697.524203
-52546,3000,110793.850303
-52513,3000,110880.139981
-39536,3000,110964.086962
-51574,3000,111055.039137
-60553,3000,111149.323166
-44521,3000,111231.65269
-61510,3000,111317.8048
-49541,3000,111397.856009
-68530,3000,111476.231674
-50539,3000,111560.072655
-48506,3000,111642.15704
-45536,3000,111733.54486
-54546,3000,111814.842374
-51520,3000,111901.994215
-52537,3000,111989.980886
-52546,3000,112078.73399
-43553,3000,112165.77807
-57560,3000,112249.893406
-44525,3000,112335.54295
-55525,3000,112424.44831
-46537,3000,112517.365002
-49562,3000,112606.614398
-53563,3000,112695.049917
-50543,3000,112786.652031
-53531,3000,112872.130334
-45563,3000,112965.618186
-44522,3000,113049.57235
-49574,3000,113262.601604
-45536,3000,113349.679226
-37579,3000,113442.878922
-36522,3000,113529.380587
-51537,3000,113612.738055
-41528,3000,113700.62769
-46525,3000,113787.571342
-39548,3000,113874.623239
-42563,3000,113965.695921
-47580,3000,114064.454113
-40556,3000,114150.687498
-41551,3000,114244.186354
-49578,3000,114340.404208
-44531,3000,114430.012731
-46564,3000,114525.30652
-50568,3000,114615.550679
-49527,3000,114700.07188
-54559,3000,114789.086828
-40570,3000,114882.157628
-42547,3000,114974.18347
-41557,3000,115065.377371
-40570,3000,115157.182221
-46550,3000,115243.287094
-45566,3000,115335.827215
-39552,3000,115432.494575
-46500,3000,115518.69893
-35563,3000,115605.024504
-63567,3000,115696.248465
-59565,3000,115781.871405
-45585,3000,115872.494051
-50556,3000,115964.732704
-40550,3000,116063.394781
-54550,3000,116152.067228
-48566,3000,116249.426202
-38569,3000,116348.302731
-47558,3000,116439.447595
-28538,3000,116526.411655
-31593,3000,116630.654406
-46579,3000,116721.734813
-42582,3000,116813.22549
-48556,3000,116896.245264
-45563,3000,116989.976965
-46558,3000,117081.512689
-46522,3000,117167.377708
-47560,3000,117249.391289
-41588,3000,117339.325722
-44576,3000,117430.264429
-41548,3000,117519.117787
-45574,3000,117619.640821
-34576,3000,117713.320439
-47555,3000,117807.783182
-48559,3000,117901.034515
-44535,3000,117992.164674
-43589,3000,118098.248833
-39583,3000,118192.569818
-25615,3000,118293.874076
-29589,3000,118386.881769
-39567,3000,118476.248964
-31578,3000,118574.056715
-33584,3000,118664.45426
-49575,3000,118758.622908
-50590,3000,118857.065143
-37567,3000,118950.803365
-30573,3000,119046.80137
-35591,3000,119145.59844
-31592,3000,119243.258989
-40598,3000,119342.706368
-31582,3000,119559.53699
-39581,3000,119647.56274
-31571,3000,119742.340574
-43577,3000,119840.654577
-28573,3000,119938.998206
-39559,3000,120034.666001
-36584,3000,120135.79453
-26606,3000,120236.60048
-42593,3000,120335.723942
-30563,3000,120425.915908
-34551,3000,120517.844384
-30576,3000,120614.722789
-35580,3000,120709.697305
-23582,3000,120808.141646
-34566,3000,120907.17376
-40571,3000,121003.751056
-31597,3000,121112.853893
-34535,3000,121206.704994
-33556,3000,121303.952567
-23611,3000,121401.807205
-34584,3000,121504.48666
-22618,3000,121606.990303
-33590,3000,121697.871692
-29582,3000,121787.694243
-37596,3000,121888.998018
-39551,3000,121976.718755
-32583,3000,122070.106709
-22605,3000,122178.16117
-32605,3000,122278.30008
-24593,3000,122378.014225
-24588,3000,122479.839772
-35603,3000,122579.014712
-25586,3000,122672.905631
-32588,3000,122775.775193
-39592,3000,122877.902701
-29609,3000,122981.003172
-39563,3000,123079.405457
-13590,3000,123175.683372
-29555,3000,123269.267639
-18598,3000,123373.89736
-25590,3000,123468.06905
-31584,3000,123563.995514
-39601,3000,123662.915229
-21605,3000,123768.617284
-32592,3000,123864.131752
-25587,3000,123962.656071
-31614,3000,124064.191283
-17596,3000,124159.201179
-23606,3000,124258.15189
-31609,3000,124353.545411
-36580,3000,124449.255029
-22576,3000,124547.844058
-22584,3000,124646.997563
-17613,3000,124746.935695
-25607,3000,124845.658646
-25610,3000,124944.569784
-30609,3000,125043.902607
-29595,3000,125146.623441
-30605,3000,125243.207654
-26623,3000,125348.574398
-30611,3000,125444.344802
-20582,3000,125545.326425
-27596,3000,125641.342422
-31611,3000,125739.709397
-23615,3000,125847.094219
-26630,3000,125954.429784
-22611,3000,126195.975072
-22595,3000,126295.91485
-15606,3000,126395.717179
-31606,3000,126503.936837
-20617,3000,126611.647331
-30610,3000,126717.593719
-20636,3000,126827.855326
-29602,3000,126934.005963
-14582,3000,127034.469311
-24607,3000,127139.281399
-20607,3000,127242.906442
-22606,3000,127341.112684
-20620,3000,127442.572277
-13622,3000,127546.402074
-20602,3000,127647.651595
-17616,3000,127747.406094
-24601,3000,127847.080351
-16646,3000,127948.682822
-28606,3000,128046.292822
-17619,3000,128151.129231
-27646,3000,128254.035059
-17616,3000,128359.081008
-18638,3000,128478.956658
-27643,3000,128582.635663
-20649,3000,128686.856065
-25622,3000,128787.425441
-19590,3000,128890.092487
-23609,3000,128982.133945
-14609,3000,129082.249508
-17644,3000,129196.285145
-21634,3000,129305.995238
-22594,3000,129405.641045
-18635,3000,129509.552153
-13627,3000,129617.382298
-12641,3000,129726.364416
-18621,3000,129842.980101
-14637,3000,129957.303975
-10624,3000,130062.267865
-10651,3000,130171.066225
-16617,3000,130280.495278
-23610,3000,130378.120204
-15624,3000,130477.13654
-14616,3000,130586.518599
-17640,3000,130689.300746
-20672,3000,130796.802847
-16665,3000,130917.626647
-28658,3000,131032.08591
-14644,3000,131142.903695
-16637,3000,131257.330311
-17654,3000,131378.736964
-17621,3000,131484.717866
-19666,3000,131596.940869
-16651,3000,131718.437805
-14624,3000,131822.688618
-14670,3000,131941.49841
-16650,3000,132054.566638
-15623,3000,132161.563572
-11652,3000,132271.490314
-13652,3000,132385.83273
-12642,3000,132497.09634
-16677,3000,132613.955682
-20674,3000,132740.87743
-10665,3000,132857.184775
-16666,3000,132977.963079
-9645,3000,133096.79511
-13640,3000,133210.238801
-10679,3000,133335.693816
-11661,3000,133588.393493
-13678,3000,133699.344738
-17664,3000,133813.667575
-11652,3000,133928.292451
-18663,3000,134042.794271
-13627,3000,134151.5395
-13667,3000,134269.639121
-15676,3000,134389.768194
-14671,3000,134500.617287
-11696,3000,134628.611074
-15693,3000,134747.887745
-10673,3000,134870.785469
-8677,3000,134987.282707
-9664,3000,135102.848646
-19656,3000,135213.674112
-11682,3000,135336.376292
-13676,3000,135448.994281
-7681,3000,135569.363536
-15677,3000,135687.859126
-8657,3000,135803.26008
-13681,3000,135909.641553
-14684,3000,136034.807276
-14681,3000,136155.121706
-4644,3000,136278.137215
-5678,3000,136398.490452
-4658,3000,136518.385212
-7678,3000,136634.053338
-12668,3000,136748.427039
-13685,3000,136873.458295
-11703,3000,136993.305197
-10688,3000,137115.071533
-9686,3000,137245.559599
-13681,3000,137371.324381
-9692,3000,137493.025816
-10703,3000,137619.404715
-12673,3000,137738.937065
-16704,3000,137863.16076
-8695,3000,137984.942142
-7661,3000,138105.135705
-8684,3000,138221.90381
-18681,3000,138341.622383
-7685,3000,138466.883977
-12711,3000,138596.635576
-4703,3000,138724.133697
-8683,3000,138838.087627
-12701,3000,138967.404984
-7681,3000,139096.189887
-3688,3000,139212.962645
-6701,3000,139336.416864
-6717,3000,139476.567352
-9694,3000,139600.760472
-9682,3000,139724.127704
-7689,3000,139841.884786
-9694,3000,139975.144642
-12708,3000,140101.404257
-3709,3000,140237.010156
-2721,3000,140367.44326
-12677,3000,140484.431922
-5731,3000,140622.629312
-1721,3000,140750.109825
-7704,3000,140881.617905
-4691,3000,140994.062577
-14705,3000,141118.963704
-11687,3000,141246.838586
-7714,3000,141379.31059
-8706,3000,141505.179251
-11697,3000,141634.815956
-3708,3000,141903.213782
-4744,3000,142040.427922
-1718,3000,142172.662674
-2747,3000,142304.009396
-2713,3000,142433.110145
-1705,3000,142566.077842
-13718,3000,142691.726256
-5706,3000,142821.929382
-2732,3000,142950.162353
-6690,3000,143076.909882
-2732,3000,143211.01978
-3729,3000,143348.477191
-3712,3000,143484.313614
-4708,3000,143618.759591
-5703,3000,143753.323387
-6730,3000,143887.500888
-5717,3000,144021.514187
-7714,3000,144151.835521
-10699,3000,144279.267709
-3731,3000,144419.60691
-3743,3000,144554.563381
-2704,3000,144685.792616
-4743,3000,144815.778046
-4710,3000,144952.618127
-4703,3000,145083.830077
-4725,3000,145222.275046
-6697,3000,145339.524961
-6716,3000,145464.981811
-4726,3000,145603.62915
-1721,3000,145732.104152
-4736,3000,145857.94565
-7736,3000,145991.575388
-4725,3000,146123.208374
-5720,3000,146253.593174
-1717,3000,146383.77628
-4725,3000,146516.023238
-4708,3000,146646.738388
-704,3000,146778.091505
-2710,3000,146905.68866
-8719,3000,147029.97708
-5725,3000,147163.54091
-7696,3000,147291.675963
-9703,3000,147425.28739
-5713,3000,147553.038269
-1714,3000,147686.597847
-3703,3000,147813.881545
-3732,3000,147948.804127
-5707,3000,148074.073575
-6727,3000,148199.115628
-6696,3000,148323.829277
-4703,3000,148457.267735
-3748,3000,148594.858772
-1738,3000,148727.412138
-3722,3000,148864.400461
-3745,3000,148998.408587
-3698,3000,149129.049727
-6706,3000,149258.70822
-5706,3000,149389.266491
-6709,3000,149521.443212
-7707,3000,149654.998213
-4688,3000,149788.403731
-6707,3000,149920.41533
-7738,3000,150053.00153
-9683,3000,150176.300869
-9722,3000,150304.367853
