#{"t_start": 1680175655.222561, "env_id": null}
r,l,t
-385608,3000,11.454448
-370832,3000,22.771821
-389848,3000,35.263735
-379840,3000,49.053166
-385752,3000,64.834854
-383728,3000,81.13692
-356704,3000,98.266242
-370568,3000,114.567785
-387588,3000,130.814755
-390388,3000,147.09716
-383660,3000,163.485326
-363552,3000,179.997192
-385352,3000,196.367392
-384756,3000,214.381477
-352536,3000,230.34519
-379824,3000,246.15433
-411888,3000,262.429037
-378812,3000,278.850457
-383624,3000,295.339945
-357420,3000,311.18976
-399792,3000,327.6111
-380564,3000,343.273871
-343268,3000,358.964297
-371376,3000,374.508308
-358512,3000,390.898634
-357608,3000,407.257223
-369600,3000,423.090782
-393864,3000,439.515899
-377696,3000,455.712355
-371728,3000,471.670129
-391648,3000,489.095527
-365256,3000,505.55958
-385640,3000,523.069414
-372544,3000,541.444752
-380648,3000,558.047391
-368700,3000,573.847197
-396668,3000,590.531681
-390572,3000,606.223442
-374432,3000,622.551684
-371516,3000,639.087335
-394532,3000,655.200761
-367540,3000,671.571224
-364452,3000,688.441852
-378568,3000,705.256899
-390740,3000,722.285156
-394600,3000,739.250962
-329492,3000,755.364689
-368588,3000,771.388537
-380612,3000,788.235467
-371592,3000,805.610259
-391588,3000,821.504507
-388612,3000,839.290979
-382720,3000,856.190111
-374664,3000,872.918325
-373656,3000,889.073261
-400724,3000,905.770072
-382284,3000,924.626898
-374676,3000,940.621561
-403680,3000,956.671575
-390776,3000,973.622569
-397656,3000,990.493581
-345400,3000,1006.813948
-385648,3000,1023.346822
-362704,3000,1039.79687
-378420,3000,1055.778245
-389800,3000,1071.731777
-362384,3000,1095.50977
-386860,3000,1111.863318
-363740,3000,1127.135927
-372692,3000,1143.799701
-319452,3000,1159.699207
-367436,3000,1175.718998
-344636,3000,1192.194535
-362388,3000,1208.198301
-372072,3000,1223.968301
-370576,3000,1240.186653
-359420,3000,1256.027227
-356456,3000,1271.800265
-323248,3000,1287.098782
-385672,3000,1303.431409
-371480,3000,1318.929828
-373828,3000,1335.337901
-394584,3000,1351.283758
-342408,3000,1367.655746
-354404,3000,1383.424445
-371596,3000,1399.178675
-348436,3000,1414.964217
-363644,3000,1431.681652
-415184,3000,1448.164409
-371588,3000,1464.503241
-352600,3000,1479.839608
-363528,3000,1495.564132
-414544,3000,1512.045989
-356576,3000,1528.385326
-366524,3000,1544.455371
-351428,3000,1560.013616
-399676,3000,1575.454417
-355380,3000,1591.327842
-345284,3000,1606.595967
-367540,3000,1622.783483
-378556,3000,1639.290154
-357440,3000,1655.792137
-369472,3000,1671.271916
-364604,3000,1686.91254
-360232,3000,1702.203609
-359728,3000,1718.631811
-368352,3000,1734.409827
-361444,3000,1750.53955
-344428,3000,1766.55415
-356504,3000,1782.484174
-369384,3000,1798.525687
-345276,3000,1814.011563
-371452,3000,1829.57585
-367232,3000,1845.209614
-341476,3000,1861.2623
-376632,3000,1878.550576
-362424,3000,1894.469334
-340596,3000,1911.096807
-353576,3000,1927.568956
-378328,3000,1942.806367
-359316,3000,1959.095352
-372540,3000,1975.281463
-374392,3000,1991.99004
-349580,3000,2007.997806
-390560,3000,2023.94745
-349436,3000,2039.468061
-348220,3000,2055.270149
-393252,3000,2070.86228
-337060,3000,2086.801781
-381464,3000,2102.780298
-354012,3000,2119.786905
-347328,3000,2135.568219
-366388,3000,2151.910099
-353532,3000,2175.087256
-363392,3000,2191.334985
-357380,3000,2206.660945
-343456,3000,2222.095979
-343380,3000,2238.615398
-347372,3000,2253.910977
-340204,3000,2269.561099
-325308,3000,2285.445426
-346416,3000,2300.714301
-354452,3000,2316.483706
-317008,3000,2332.98034
-348460,3000,2349.047099
-354232,3000,2364.643037
-337160,3000,2380.630749
-368480,3000,2396.857999
-339460,3000,2412.274254
-337268,3000,2427.619358
-365264,3000,2443.258137
-365308,3000,2458.611727
-347288,3000,2474.935803
-357040,3000,2490.188556
-370084,3000,2506.116453
-333456,3000,2522.17165
-371184,3000,2538.663638
-330296,3000,2554.391196
-348300,3000,2570.128746
-374268,3000,2585.588434
-333440,3000,2600.830859
-365688,3000,2616.316031
-333236,3000,2631.834522
-322172,3000,2647.208454
-363120,3000,2662.709371
-338176,3000,2678.964799
-348400,3000,2694.6816
-369504,3000,2710.076223
-346228,3000,2725.552102
-368332,3000,2741.834629
-358404,3000,2758.700914
-376292,3000,2774.445626
-366068,3000,2791.12446
-369512,3000,2806.685654
-366624,3000,2822.868595
-369248,3000,2838.823034
-347116,3000,2854.179904
-347228,3000,2871.12468
-356096,3000,2886.78106
-354600,3000,2902.808728
-339384,3000,2919.007459
-346284,3000,2934.262871
-320216,3000,2950.761613
-340304,3000,2966.767104
-364220,3000,2983.426331
-360312,3000,2999.042969
-342296,3000,3014.598803
-353312,3000,3030.890282
-349296,3000,3047.232858
-359408,3000,3062.589328
-343092,3000,3078.401267
-313172,3000,3094.491882
-339208,3000,3109.943554
-338136,3000,3127.000652
-337256,3000,3144.076267
-350148,3000,3159.187326
-361300,3000,3174.675582
-336548,3000,3190.826352
-328408,3000,3205.766237
-372312,3000,3221.937936
-320408,3000,3245.224328
-379144,3000,3261.477513
-341396,3000,3276.809705
-362252,3000,3293.129997
-384248,3000,3309.39496
-344384,3000,3325.082425
-343136,3000,3340.745546
-314004,3000,3356.337059
-342164,3000,3371.889834
-320516,3000,3387.238752
-331208,3000,3403.455801
-346148,3000,3419.100825
-362328,3000,3434.189564
-333288,3000,3449.998158
-358536,3000,3465.418983
-335244,3000,3481.30074
-339196,3000,3497.441702
-352208,3000,3513.672934
-343276,3000,3530.361006
-341336,3000,3545.979315
-374448,3000,3561.995111
-332104,3000,3578.158671
-328104,3000,3594.738394
-341500,3000,3610.062708
-319904,3000,3626.010677
-333396,3000,3641.36471
-343232,3000,3656.549593
-362480,3000,3672.628515
-336308,3000,3687.979942
-334348,3000,3703.326214
-357372,3000,3719.20503
-312280,3000,3735.931881
-326180,3000,3751.706186
-316264,3000,3767.371834
-361508,3000,3782.182656
-328420,3000,3797.908767
-348088,3000,3814.327752
-342348,3000,3830.108105
-343040,3000,3845.445907
-344300,3000,3861.133621
-347220,3000,3876.170312
-321200,3000,3892.066069
-346204,3000,3907.914548
-307948,3000,3923.346561
-350372,3000,3938.887752
-340196,3000,3953.944368
-327196,3000,3969.67758
-356356,3000,3985.713675
-315500,3000,4002.836907
-344260,3000,4018.44121
-317144,3000,4033.846946
-317112,3000,4049.636369
-323264,3000,4065.102628
-323156,3000,4080.945009
-322080,3000,4096.832153
-316004,3000,4111.864847
-376188,3000,4127.085599
-342028,3000,4141.853728
-322256,3000,4157.402113
-307088,3000,4173.04437
-334320,3000,4188.461711
-304068,3000,4203.775183
-351084,3000,4219.430961
-334952,3000,4235.113627
-368404,3000,4250.532318
-351252,3000,4266.113577
-335120,3000,4290.275051
-351068,3000,4306.329558
-343140,3000,4322.146294
-321528,3000,4338.38039
-325996,3000,4353.498867
-311172,3000,4369.009182
-339120,3000,4384.543764
-343100,3000,4400.354595
-336000,3000,4416.648591
-316312,3000,4431.625786
-367316,3000,4448.19128
-329200,3000,4463.427165
-324392,3000,4479.444892
-334872,3000,4495.705748
-295832,3000,4511.744273
-354344,3000,4526.91234
-332072,3000,4543.207769
-330268,3000,4559.39784
-323220,3000,4576.255212
-351196,3000,4591.893919
-339080,3000,4608.742198
-329036,3000,4625.085133
-313044,3000,4641.050815
-345008,3000,4656.230937
-327224,3000,4672.356257
-310020,3000,4688.421021
-309032,3000,4704.600143
-313000,3000,4720.787524
-322380,3000,4736.051358
-289880,3000,4752.296686
-275708,3000,4767.968221
-348756,3000,4783.439537
-293936,3000,4798.791629
-302172,3000,4814.437613
-346364,3000,4830.146789
-347924,3000,4846.068299
-330096,3000,4861.561747
-320824,3000,4877.446287
-322152,3000,4893.073384
-335116,3000,4908.72228
-304964,3000,4924.487678
-313828,3000,4940.687326
-326840,3000,4956.975965
-313884,3000,4972.982073
-302132,3000,4988.616161
-327248,3000,5004.178821
-311140,3000,5020.01864
-351272,3000,5036.122097
-362104,3000,5051.622421
-300184,3000,5066.912871
-305000,3000,5082.371639
-322136,3000,5097.763343
-347996,3000,5112.871891
-308000,3000,5128.737212
-325796,3000,5144.953935
-337076,3000,5161.018337
-319072,3000,5177.299157
-321372,3000,5192.821233
-313084,3000,5208.326398
-329948,3000,5224.48634
-338728,3000,5240.236325
-330056,3000,5255.878654
-314152,3000,5271.336905
-301936,3000,5286.462426
-314996,3000,5301.788616
-342164,3000,5316.668144
-317136,3000,5332.546382
-310300,3000,5355.124356
-322136,3000,5371.543634
-330824,3000,5386.91397
-316976,3000,5402.629343
-310980,3000,5417.811811
-322000,3000,5433.009008
-309124,3000,5448.48297
-323312,3000,5463.494082
-316920,3000,5479.836047
-317812,3000,5495.866995
-326668,3000,5511.774038
-318088,3000,5526.937403
-355204,3000,5542.411301
-290964,3000,5558.012428
-307748,3000,5573.556191
-310724,3000,5588.860576
-337276,3000,5604.616393
-320108,3000,5619.537963
-297936,3000,5635.66081
-332916,3000,5651.215597
-325716,3000,5666.443584
-312048,3000,5681.687204
-319704,3000,5696.834799
-312072,3000,5712.544507
-341084,3000,5727.554645
-318864,3000,5743.096949
-315800,3000,5758.095209
-320000,3000,5773.16602
-300872,3000,5788.331186
-311864,3000,5803.661725
-326224,3000,5819.398717
-311844,3000,5834.82545
-323300,3000,5850.363684
-311832,3000,5865.784355
-316032,3000,5880.740694
-317924,3000,5896.217218
-310880,3000,5911.333216
-329968,3000,5925.932789
-315048,3000,5941.389361
-304796,3000,5956.986126
-336192,3000,5973.290255
-333944,3000,5989.72203
-270940,3000,6005.308031
-304956,3000,6020.762244
-294960,3000,6035.939847
-328908,3000,6051.071492
-305880,3000,6065.814741
-339100,3000,6081.684916
-294816,3000,6097.14875
-295852,3000,6112.852651
-286908,3000,6127.875879
-318912,3000,6144.177123
-301732,3000,6160.260933
-292848,3000,6176.09406
-306884,3000,6192.174928
-327924,3000,6208.99825
-308904,3000,6224.458411
-339044,3000,6239.945223
-278832,3000,6255.562941
-312104,3000,6271.54789
-324000,3000,6287.876479
-323108,3000,6302.941533
-297716,3000,6318.358861
-328964,3000,6335.325681
-331196,3000,6351.030103
-317932,3000,6367.273085
-298860,3000,6383.376782
-322148,3000,6406.293342
-296932,3000,6421.691362
-315712,3000,6438.120454
-301964,3000,6454.126126
-308160,3000,6471.149716
-305948,3000,6486.798425
-308704,3000,6501.51337
-295040,3000,6517.939834
-295004,3000,6532.915521
-322904,3000,6548.465062
-291860,3000,6564.319563
-292892,3000,6580.030673
-321768,3000,6595.056822
-314084,3000,6610.062418
-308828,3000,6624.754324
-305928,3000,6640.734777
-308740,3000,6656.219794
-345996,3000,6673.987854
-283804,3000,6688.856527
-314876,3000,6704.814086
-316956,3000,6720.621439
-264800,3000,6735.375782
-309852,3000,6750.833195
-316680,3000,6765.368313
-293664,3000,6779.446524
-289528,3000,6795.13388
-300796,3000,6811.538508
-296828,3000,6826.407862
-303868,3000,6842.19921
-267772,3000,6857.068861
-297588,3000,6873.439051
-284592,3000,6889.251758
-294768,3000,6906.183267
-295032,3000,6922.199001
-294984,3000,6938.724429
-287716,3000,6954.898873
-292872,3000,6971.909132
-299668,3000,6988.700142
-273652,3000,7003.768171
-286788,3000,7020.930438
-286768,3000,7036.750883
-297744,3000,7052.610984
-309888,3000,7068.921555
-298020,3000,7085.260974
-319068,3000,7100.609683
-294752,3000,7115.091522
-291836,3000,7131.197397
-330772,3000,7147.583853
-297780,3000,7163.581937
-314952,3000,7178.60294
-271860,3000,7195.447622
-292920,3000,7211.641423
-296820,3000,7228.317216
-316052,3000,7244.624955
-307988,3000,7261.105957
-336056,3000,7277.951258
-314764,3000,7294.270621
-323016,3000,7310.288815
-306008,3000,7327.804474
-290516,3000,7344.638484
-300984,3000,7362.202339
-304764,3000,7380.515139
-304852,3000,7397.775732
-301816,3000,7418.891915
-296848,3000,7441.531818
-266432,3000,7460.239779
-311576,3000,7488.113792
-302560,3000,7507.332767
-294848,3000,7526.89975
-301884,3000,7546.120819
-312688,3000,7563.438618
-281612,3000,7582.075029
-284664,3000,7601.191379
-304648,3000,7619.30238
-300724,3000,7637.054687
-271612,3000,7656.327492
-292552,3000,7675.508461
-309756,3000,7693.722888
-267628,3000,7712.232176
-271552,3000,7730.393881
-294748,3000,7749.38013
-269752,3000,7769.076186
-300768,3000,7787.505925
-283764,3000,7804.72178
-281992,3000,7823.651814
-299052,3000,7841.397003
-282772,3000,7861.272681
-330936,3000,7880.605313
-275540,3000,7901.302411
-275580,3000,7919.237028
-296932,3000,7940.51493
-300512,3000,7964.046633
-312760,3000,7982.547753
-321904,3000,8000.808692
-286728,3000,8017.756362
-285532,3000,8034.976544
-320964,3000,8053.034066
-264736,3000,8071.469388
-274560,3000,8090.368262
-298604,3000,8108.066123
-283144,3000,8126.261134
-327828,3000,8143.102133
-250588,3000,8160.209213
-309764,3000,8176.992509
-311520,3000,8196.96178
-304592,3000,8215.797754
-290636,3000,8232.918301
-285504,3000,8250.619142
-303004,3000,8270.126482
-325984,3000,8288.157359
-267488,3000,8306.928305
-283700,3000,8323.963881
-285028,3000,8342.660711
-277516,3000,8361.697617
-305684,3000,8379.880572
-297524,3000,8397.008473
-288832,3000,8414.995722
-261584,3000,8432.853746
-266504,3000,8644.737005
-290712,3000,8659.844218
-273372,3000,8674.240539
-289684,3000,8689.078991
-310840,3000,8704.058466
-285376,3000,8718.646918
-259428,3000,8734.249977
-289528,3000,8749.52502
-287668,3000,8764.278122
-295804,3000,8779.199686
-275592,3000,8794.263177
-286612,3000,8809.402719
-268700,3000,8824.255775
-289580,3000,8839.000217
-269380,3000,8853.238958
-308680,3000,8874.78735
-289784,3000,8889.507138
-276620,3000,8904.293107
-288856,3000,8918.541156
-276852,3000,8933.184449
-260624,3000,8947.710027
-270548,3000,8962.359762
-293780,3000,8977.279004
-281728,3000,8992.374608
-258676,3000,9006.397357
-280556,3000,9021.210803
-283600,3000,9035.906688
-254448,3000,9050.612171
-266724,3000,9065.824919
-293564,3000,9080.850658
-253776,3000,9095.20575
-246596,3000,9110.161498
-310496,3000,9124.300932
-265628,3000,9139.190801
-293896,3000,9154.149624
-278476,3000,9169.0573
-242460,3000,9183.816611
-274424,3000,9198.107956
-282652,3000,9212.447892
-291408,3000,9226.886401
-271456,3000,9241.538082
-268512,3000,9255.65729
-283620,3000,9269.772254
-283664,3000,9284.852363
-283584,3000,9299.205615
-279236,3000,9313.27069
-314828,3000,9327.911738
-302480,3000,9342.61972
-253524,3000,9356.383248
-291528,3000,9371.04347
-288412,3000,9385.582961
-264608,3000,9399.941341
-264728,3000,9414.421962
-278592,3000,9429.648173
-270508,3000,9444.793159
-263684,3000,9459.354337
-301436,3000,9474.386079
-273516,3000,9488.764849
-296624,3000,9502.862294
-261364,3000,9517.064822
-290672,3000,9531.860492
-270860,3000,9546.201022
-282316,3000,9560.280241
-269200,3000,9574.87723
-278664,3000,9589.191546
-296604,3000,9604.18794
-281728,3000,9618.531413
-260540,3000,9633.095571
-269376,3000,9647.554393
-276724,3000,9661.897884
-274448,3000,9676.066591
-263528,3000,9691.077686
-244432,3000,9705.193356
-299488,3000,9719.706757
-271628,3000,9734.03892
-273780,3000,9748.754082
-282416,3000,9762.873155
-275692,3000,9776.923839
-238316,3000,9790.994607
-297544,3000,9805.180805
-251052,3000,9819.538563
-265608,3000,9833.463535
-256484,3000,9855.177745
-290428,3000,9869.725897
-261892,3000,9883.805604
-274356,3000,9898.23748
-252192,3000,9912.201862
-270368,3000,9925.884173
-287524,3000,9940.501395
-265492,3000,9955.210973
-266408,3000,9969.627439
-267308,3000,9984.033075
-260460,3000,9998.560967
-279236,3000,10013.610441
-260292,3000,10028.605278
-233460,3000,10043.059649
-253256,3000,10058.003045
-255532,3000,10072.700325
-252612,3000,10087.268267
-260400,3000,10101.287822
-279552,3000,10115.286405
-253404,3000,10129.392717
-269508,3000,10144.363117
-268280,3000,10158.298518
-246088,3000,10172.069291
-241500,3000,10186.151266
-242308,3000,10200.539022
-281268,3000,10214.814092
-278360,3000,10228.924934
-249620,3000,10243.380453
-230044,3000,10258.048621
-275260,3000,10272.587868
-280672,3000,10287.064049
-238368,3000,10301.488039
-260476,3000,10316.130628
-277344,3000,10330.307708
-276544,3000,10344.984061
-257500,3000,10359.550214
-264436,3000,10374.631836
-269420,3000,10389.723087
-271548,3000,10404.336191
-266284,3000,10418.563034
-240272,3000,10432.97235
-256372,3000,10447.246966
-276448,3000,10461.517699
-256772,3000,10475.721339
-253292,3000,10490.366373
-256316,3000,10504.598148
-249340,3000,10518.89228
-287532,3000,10532.366734
-268364,3000,10546.576108
-266252,3000,10560.922363
-260616,3000,10574.951252
-268192,3000,10589.639305
-274436,3000,10604.140054
-241632,3000,10618.324728
-267528,3000,10632.542014
-278424,3000,10646.370207
-266372,3000,10660.155919
-256104,3000,10674.38385
-268500,3000,10688.200704
-270528,3000,10702.4111
-247240,3000,10716.783685
-266380,3000,10731.005878
-252268,3000,10744.764713
-260296,3000,10759.784291
-264440,3000,10774.155425
-243944,3000,10788.286952
-260468,3000,10809.132859
-260604,3000,10824.016797
-269316,3000,10838.241074
-250556,3000,10852.438119
-249552,3000,10867.205468
-267216,3000,10881.373011
-263488,3000,10895.932803
-250540,3000,10910.405254
-256048,3000,10924.855761
-262188,3000,10938.857892
-250492,3000,10953.340759
-252312,3000,10967.058689
-253092,3000,10980.993833
-265204,3000,10995.646215
-259208,3000,11010.00246
-255324,3000,11024.446697
-264836,3000,11038.629159
-248212,3000,11052.704793
-236252,3000,11066.827276
-249152,3000,11080.917871
-252276,3000,11095.486197
-249168,3000,11109.881955
-285504,3000,11124.321568
-242220,3000,11137.96447
-267996,3000,11152.276272
-266292,3000,11166.637279
-250360,3000,11181.32995
-237380,3000,11195.947672
-240312,3000,11210.484238
-259980,3000,11224.790204
-244168,3000,11239.327087
-277568,3000,11253.921395
-246084,3000,11268.272714
-271240,3000,11283.023473
-255200,3000,11297.203144
-247492,3000,11311.199918
-248276,3000,11325.18398
-256348,3000,11339.22731
-254600,3000,11352.81575
-234520,3000,11366.947848
-241224,3000,11381.639226
-257312,3000,11395.708667
-215216,3000,11409.581069
-244304,3000,11423.632854
-257368,3000,11437.718483
-258232,3000,11452.264151
-245192,3000,11467.379311
-245280,3000,11482.046867
-256628,3000,11496.828228
-278256,3000,11511.345052
-252324,3000,11525.29143
-266412,3000,11539.540734
-231980,3000,11554.348616
-275364,3000,11569.24769
-273376,3000,11584.107175
-256152,3000,11598.067902
-225660,3000,11612.032857
-266428,3000,11625.882069
-270912,3000,11639.811235
-243732,3000,11653.357912
-257248,3000,11667.630322
-239116,3000,11681.276117
-231044,3000,11694.648302
-264364,3000,11708.388125
-252128,3000,11722.3823
-239124,3000,11736.092155
-225080,3000,11749.811714
-235936,3000,11770.446115
-232340,3000,11784.748876
-253120,3000,11798.712803
-255152,3000,11812.843084
-263112,3000,11826.876711
-211284,3000,11841.051564
-255124,3000,11855.050918
-239172,3000,11869.204944
-251032,3000,11883.050364
-250196,3000,11897.149151
-261208,3000,11911.393911
-225112,3000,11925.684266
-251956,3000,11939.411722
-248376,3000,11953.633657
-225964,3000,11968.081629
-241308,3000,11982.640754
-242204,3000,11996.111811
-257296,3000,12009.506703
-224092,3000,12023.502543
-232112,3000,12037.375483
-248160,3000,12051.441489
-265464,3000,12065.80512
-231984,3000,12080.059158
-219044,3000,12094.334336
-205064,3000,12107.933393
-240216,3000,12122.352911
-236376,3000,12136.149523
-255516,3000,12151.06376
-239192,3000,12165.195573
-207264,3000,12179.354561
-271468,3000,12193.205337
-218136,3000,12207.42696
-235060,3000,12221.64123
-257188,3000,12235.580395
-213032,3000,12249.400504
-231816,3000,12263.012498
-269272,3000,12276.993219
-252112,3000,12291.503144
-259220,3000,12305.147102
-255076,3000,12319.313853
-225172,3000,12332.666798
-259184,3000,12346.895929
-242264,3000,12360.873122
-216024,3000,12374.410945
-241236,3000,12388.463526
-242220,3000,12402.70572
-232048,3000,12416.927894
-248408,3000,12431.140941
-219216,3000,12444.748878
-218100,3000,12458.14398
-265248,3000,12471.866206
-229200,3000,12486.003847
-225824,3000,12500.077995
-234044,3000,12513.518784
-244420,3000,12526.811521
-248416,3000,12540.523188
-246048,3000,12554.638533
-260420,3000,12568.982196
-235232,3000,12582.594429
-210036,3000,12597.541225
-237224,3000,12611.052041
-225308,3000,12625.341538
-220280,3000,12638.955003
-239336,3000,12653.071043
-254112,3000,12667.291204
-235012,3000,12681.029795
-237120,3000,12694.966361
-237052,3000,12716.173678
-243100,3000,12730.747593
-243200,3000,12744.84327
-241264,3000,12759.080036
-250276,3000,12773.711095
-225900,3000,12787.94426
-247032,3000,12802.365322
-222268,3000,12816.768982
-251348,3000,12831.030286
-236208,3000,12844.782067
-250104,3000,12859.288089
-222832,3000,12873.446176
-264304,3000,12887.772988
-233384,3000,12902.272891
-235348,3000,12916.699429
-223320,3000,12930.149609
-253200,3000,12944.470943
-248036,3000,12958.258524
-220896,3000,12972.311391
-222852,3000,12986.000948
-245504,3000,13000.53036
-227984,3000,13014.165826
-230268,3000,13028.222023
-238900,3000,13041.951972
-232832,3000,13055.787146
-244128,3000,13070.007596
-223168,3000,13083.340895
-224144,3000,13096.248453
-228860,3000,13110.177647
-238108,3000,13124.4203
-220592,3000,13137.719107
-214848,3000,13152.026694
-223896,3000,13165.57738
-210968,3000,13179.499051
-230976,3000,13193.432212
-242032,3000,13207.831529
-200056,3000,13221.244697
-225924,3000,13235.796111
-242128,3000,13249.98778
-236996,3000,13263.951556
-206168,3000,13278.222959
-230020,3000,13292.282812
-239076,3000,13305.679061
-232912,3000,13319.254718
-218944,3000,13332.680063
-255300,3000,13346.408146
-213100,3000,13359.766384
-229964,3000,13373.4992
-229128,3000,13387.541909
-217112,3000,13401.064034
-220972,3000,13414.679333
-227056,3000,13429.087678
-215812,3000,13442.711794
-216044,3000,13456.14145
-226040,3000,13469.788582
-245220,3000,13484.365081
-241992,3000,13498.626515
-224920,3000,13512.323174
-217052,3000,13526.410346
-233808,3000,13540.206079
-216068,3000,13553.723078
-226956,3000,13567.382877
-212932,3000,13580.866307
-236216,3000,13595.425928
-230068,3000,13609.433669
-222772,3000,13623.20309
-233132,3000,13643.709188
-228960,3000,13657.558548
-223180,3000,13671.836484
-236044,3000,13685.528877
-220896,3000,13699.390368
-197540,3000,13712.75222
-222148,3000,13725.785124
-232012,3000,13739.056699
-257484,3000,13752.820936
-187776,3000,13766.657504
-248780,3000,13780.367554
-211288,3000,13794.379373
-227052,3000,13808.510257
-226100,3000,13822.308907
-218140,3000,13835.81584
-226068,3000,13849.583278
-222912,3000,13863.588964
-202872,3000,13877.192558
-212028,3000,13891.021895
-247248,3000,13905.288085
-228804,3000,13918.919019
-215856,3000,13932.246066
-216012,3000,13945.853493
-211044,3000,13958.9395
-225692,3000,13972.21863
-205988,3000,13985.784622
-210760,3000,13998.957157
-225124,3000,14012.136821
-205952,3000,14025.738238
-225072,3000,14039.348346
-208756,3000,14052.588313
-229164,3000,14066.199723
-222976,3000,14080.258059
-220108,3000,14094.172146
-217996,3000,14108.321955
-227056,3000,14121.542033
-207684,3000,14134.591102
-220840,3000,14148.359791
-236064,3000,14161.813241
-214788,3000,14175.532615
-224724,3000,14188.906544
-233252,3000,14202.477228
-215160,3000,14215.448608
-220772,3000,14229.291975
-230908,3000,14242.827995
-240888,3000,14256.777433
-222888,3000,14269.963541
-223844,3000,14283.567112
-213044,3000,14296.865041
-230064,3000,14310.593225
-227000,3000,14323.655888
-226672,3000,14337.544778
-185964,3000,14351.091092
-229072,3000,14364.768001
-217800,3000,14378.329386
-224640,3000,14392.078746
-191872,3000,14406.042313
-228896,3000,14419.952013
-208808,3000,14433.641455
-213700,3000,14446.885672
-212736,3000,14460.485717
-199732,3000,14474.586053
-223108,3000,14488.142288
-217768,3000,14501.990316
-218000,3000,14516.281332
-242200,3000,14530.405414
-206660,3000,14544.241123
-196944,3000,14564.166614
-231840,3000,14577.648494
-194844,3000,14591.191612
-221812,3000,14604.931834
-216012,3000,14619.042994
-223864,3000,14632.856645
-205040,3000,14646.003304
-209824,3000,14659.629477
-222696,3000,14673.528651
-222012,3000,14686.489702
-214612,3000,14699.898757
-229152,3000,14713.208911
-210872,3000,14726.727664
-226496,3000,14740.52965
-239960,3000,14754.694532
-197520,3000,14768.098012
-224868,3000,14782.077824
-229804,3000,14796.111571
-208672,3000,14809.382275
-213728,3000,14822.075823
-207748,3000,14835.602877
-222684,3000,14849.577021
-216736,3000,14862.842521
-204584,3000,14875.891837
-214900,3000,14889.726045
-200852,3000,14902.724904
-215896,3000,14915.64319
-192652,3000,14929.074924
-207596,3000,14942.490128
-217952,3000,14955.945768
-208744,3000,14969.948172
-234704,3000,14983.852431
-206704,3000,14997.169196
-210804,3000,15010.801901
-208968,3000,15024.326746
-199748,3000,15037.601883
-209860,3000,15051.363377
-234996,3000,15064.547127
-211640,3000,15078.436184
-215988,3000,15091.32052
-203988,3000,15105.305598
-214748,3000,15118.602489
-236700,3000,15131.622568
-228784,3000,15144.983624
-192824,3000,15158.307992
-196748,3000,15171.366065
-199936,3000,15185.194188
-206852,3000,15199.053057
-211752,3000,15212.973966
-223928,3000,15226.716722
-209728,3000,15239.895905
-192768,3000,15253.541096
-225600,3000,15266.335829
-203840,3000,15280.381568
-207764,3000,15293.678488
-216824,3000,15307.172614
-205628,3000,15320.609439
-211544,3000,15333.907307
-196660,3000,15347.205296
-207912,3000,15360.512999
-211844,3000,15373.81011
-205492,3000,15386.828749
-183668,3000,15400.014985
-195896,3000,15413.713256
-206864,3000,15427.247364
-224688,3000,15440.560961
-201904,3000,15453.745602
-198504,3000,15473.562488
-222724,3000,15487.202629
-208768,3000,15501.083446
-192692,3000,15514.45853
-200668,3000,15527.062625
-192784,3000,15540.670623
-197732,3000,15553.965241
-214792,3000,15567.00611
-197784,3000,15579.611377
-216840,3000,15592.891962
-184604,3000,15606.017821
-195668,3000,15618.907863
-163540,3000,15631.917567
-200628,3000,15645.788813
-187768,3000,15658.545997
-190512,3000,15671.567572
-209696,3000,15685.090417
-177520,3000,15698.969798
-210232,3000,15712.089105
-202504,3000,15726.317964
-183688,3000,15739.555099
-188668,3000,15753.404268
-201520,3000,15766.436159
-191896,3000,15779.264272
-209700,3000,15792.423043
-209952,3000,15806.220619
-189832,3000,15819.550581
-217024,3000,15832.720344
-177860,3000,15846.013648
-204636,3000,15858.96548
-187672,3000,15872.254859
-196776,3000,15885.3368
-220764,3000,15898.586613
-217744,3000,15912.452242
-197084,3000,15925.883157
-194740,3000,15939.533565
-182712,3000,15953.16906
-204728,3000,15966.791059
-198620,3000,15980.768314
-201612,3000,15993.471595
-216724,3000,16006.885881
-188940,3000,16020.172542
-192720,3000,16033.900824
-196676,3000,16046.945672
-207916,3000,16059.449659
-186716,3000,16072.542753
-192780,3000,16085.407835
-183664,3000,16098.571488
-204332,3000,16111.883137
-214652,3000,16125.132684
-172800,3000,16138.542438
-210828,3000,16152.020811
-204884,3000,16165.084847
-198524,3000,16178.591371
-163588,3000,16191.335745
-197380,3000,16205.270219
-202876,3000,16218.279258
-190464,3000,16232.390613
-174236,3000,16245.883066
-210776,3000,16259.91952
-189408,3000,16273.369442
-204512,3000,16286.493326
-187492,3000,16299.59944
-212832,3000,16313.162533
-188692,3000,16326.863373
-189456,3000,16340.478525
-198724,3000,16360.16413
-185588,3000,16373.716975
-174472,3000,16387.223344
-169648,3000,16400.774779
-197332,3000,16413.821899
-164428,3000,16427.409732
-179576,3000,16440.377684
-200560,3000,16453.543291
-173744,3000,16466.803576
-175540,3000,16480.380146
-179732,3000,16493.868466
-210812,3000,16507.372535
-212460,3000,16520.480201
-172380,3000,16533.801047
-201580,3000,16547.057171
-186328,3000,16560.460289
-178568,3000,16573.677077
-169316,3000,16586.535871
-196732,3000,16599.873182
-178920,3000,16613.233966
-210828,3000,16627.110328
-173568,3000,16640.49549
-186772,3000,16654.136159
-185428,3000,16667.252877
-196948,3000,16680.642926
-192716,3000,16694.33032
-193548,3000,16707.819609
-171296,3000,16721.399305
-190936,3000,16734.299571
-172508,3000,16747.87463
-184432,3000,16761.13157
-157700,3000,16774.407551
-184320,3000,16787.234586
-183600,3000,16800.958599
-184488,3000,16814.134732
-163472,3000,16827.955929
-179664,3000,16841.36251
-189480,3000,16854.674214
-197548,3000,16867.478488
-172620,3000,16880.380342
-185516,3000,16892.884392
-172600,3000,16906.581181
-165376,3000,16919.780606
-178216,3000,16932.873617
-180464,3000,16946.361163
-169564,3000,16959.308274
-205728,3000,16972.897915
-163264,3000,16986.283551
-166384,3000,16999.819316
-189488,3000,17013.196435
-190620,3000,17026.562687
-167684,3000,17039.733708
-162520,3000,17053.368039
-184696,3000,17066.864634
-176156,3000,17080.73689
-163476,3000,17093.636797
-180568,3000,17106.926353
-188232,3000,17120.016176
-189568,3000,17133.103265
-182712,3000,17146.757883
-156272,3000,17160.17911
-163580,3000,17173.39293
-182744,3000,17186.80364
-172220,3000,17199.839447
-150548,3000,17212.32214
-156464,3000,17225.48807
-174468,3000,17238.475444
-134540,3000,17258.158045
-161688,3000,17271.414311
-143244,3000,17284.829305
-149592,3000,17298.119725
-159436,3000,17310.896725
-159408,3000,17324.269506
-164444,3000,17337.429078
-170280,3000,17351.25405
-158356,3000,17365.218235
-152680,3000,17377.539091
-159284,3000,17390.334111
-161488,3000,17403.189257
-160516,3000,17416.139373
-167348,3000,17428.953924
-155472,3000,17441.274075
-159356,3000,17454.014176
-146616,3000,17467.000139
-158516,3000,17480.532845
-163448,3000,17493.541412
-147464,3000,17507.371766
-179660,3000,17520.101095
-162520,3000,17532.653078
-180440,3000,17545.924822
-153304,3000,17558.868965
-163340,3000,17572.361756
-168508,3000,17585.971747
-185344,3000,17599.209747
-148584,3000,17612.30842
-166516,3000,17625.602027
-146564,3000,17638.429578
-142052,3000,17651.338067
-164672,3000,17664.559517
-162592,3000,17677.397475
-142788,3000,17690.403133
-150272,3000,17703.035659
-148180,3000,17716.283064
-143404,3000,17729.546481
-153356,3000,17742.523909
-169444,3000,17756.068516
-158664,3000,17769.343069
-159464,3000,17782.320331
-145588,3000,17795.313811
-158552,3000,17808.841193
-140368,3000,17821.950142
-142364,3000,17835.124527
-139092,3000,17848.312024
-148308,3000,17861.020225
-152280,3000,17873.72389
-153372,3000,17887.004796
-148284,3000,17900.582105
-160564,3000,17913.825047
-148452,3000,17927.237964
-150492,3000,17940.272157
-137396,3000,17953.489057
-165148,3000,17966.535116
-130108,3000,17979.878882
-139196,3000,17992.82009
-143256,3000,18005.952737
-155412,3000,18019.350648
-162448,3000,18032.56106
-153352,3000,18045.155252
-157312,3000,18058.369006
-151648,3000,18071.039157
-157528,3000,18083.900531
-150604,3000,18096.657741
-164352,3000,18109.891873
-140124,3000,18122.805859
-163568,3000,18142.289687
-148320,3000,18155.632392
-164672,3000,18168.07287
-144340,3000,18180.95225
-154056,3000,18194.311654
-151468,3000,18207.039646
-150600,3000,18220.292999
-158452,3000,18233.72055
-144372,3000,18246.714313
-154508,3000,18259.682163
-128444,3000,18272.710739
-154476,3000,18285.874784
-152732,3000,18298.506491
-151544,3000,18311.350943
-141300,3000,18324.762269
-136736,3000,18337.177111
-142600,3000,18350.072151
-153508,3000,18362.940405
-147232,3000,18375.504714
-154144,3000,18388.294485
-134320,3000,18401.520124
-140252,3000,18414.737469
-152400,3000,18427.719031
-145532,3000,18440.714091
-164672,3000,18453.879826
-147192,3000,18466.962408
-149400,3000,18480.246435
-140456,3000,18493.134029
-160384,3000,18505.638721
-139096,3000,18518.524733
-150384,3000,18531.438225
-164156,3000,18544.443989
-148376,3000,18557.360125
-174844,3000,18570.132159
-156488,3000,18583.647749
-158660,3000,18596.471631
-152472,3000,18609.58362
-144156,3000,18622.74035
-133460,3000,18635.588866
-163296,3000,18649.134794
-150344,3000,18662.297511
-145476,3000,18675.375078
-151592,3000,18688.581269
-193704,3000,18702.323344
-147264,3000,18715.226545
-157516,3000,18728.530666
-154296,3000,18741.471498
-132468,3000,18754.784067
-138300,3000,18767.69715
-156708,3000,18780.165926
-133536,3000,18793.676478
-144100,3000,18806.203233
-150684,3000,18819.368499
-158608,3000,18832.344092
-124336,3000,18845.486336
-152480,3000,18858.665098
-124036,3000,18871.67893
-141528,3000,18885.0064
-150764,3000,18897.995568
-149356,3000,18910.830814
-135320,3000,18924.252956
-141348,3000,18937.467119
-143128,3000,18950.535905
-137452,3000,18963.645638
-147448,3000,18976.531441
-128460,3000,18989.521337
-145292,3000,19009.433125
-150496,3000,19022.271458
-139248,3000,19035.151209
-128440,3000,19047.828056
-132424,3000,19060.732894
-153556,3000,19074.609533
-123560,3000,19088.293225
-134392,3000,19101.150686
-141468,3000,19113.672077
-143208,3000,19127.022491
-132448,3000,19139.619811
-121264,3000,19152.777249
-157356,3000,19165.542121
-153616,3000,19178.499378
-157656,3000,19191.357152
-153488,3000,19203.87134
-154568,3000,19216.377699
-133196,3000,19229.062515
-147616,3000,19241.838285
-124524,3000,19254.90716
-145556,3000,19267.370901
-146312,3000,19280.829569
-136068,3000,19293.949739
-133016,3000,19306.481626
-108248,3000,19319.273112
-156444,3000,19332.13967
-149412,3000,19345.040738
-115240,3000,19358.037614
-144200,3000,19370.878498
-133144,3000,19383.867313
-124084,3000,19397.152047
-131284,3000,19410.048661
-135108,3000,19422.812956
-143560,3000,19436.060763
-125092,3000,19449.541576
-136488,3000,19461.860931
-148284,3000,19474.544491
-140192,3000,19487.603779
-122280,3000,19500.289423
-137316,3000,19513.361516
-131268,3000,19526.146519
-144204,3000,19539.325849
-134216,3000,19552.654709
-137368,3000,19565.544901
-132112,3000,19578.615892
-116252,3000,19591.688273
-134316,3000,19605.112872
-127976,3000,19618.217952
-144532,3000,19631.284868
-123368,3000,19644.234157
-120072,3000,19657.625108
-126180,3000,19670.53915
-136488,3000,19683.193976
-131236,3000,19696.32916
-117196,3000,19709.882659
-133216,3000,19723.199317
-118804,3000,19736.800242
-124336,3000,19750.440085
-117196,3000,19763.145794
-122560,3000,19775.750289
-155188,3000,19788.572053
-119312,3000,19801.807774
-119132,3000,19814.661176
-115472,3000,19827.528044
-129660,3000,19840.164539
-120484,3000,19852.649389
-125268,3000,19865.474334
-135300,3000,19885.596088
-124532,3000,19898.47504
-121476,3000,19911.276723
-122356,3000,19923.617943
-129412,3000,19936.30687
-129172,3000,19948.845734
-117204,3000,19961.929685
-130308,3000,19975.263266
-132552,3000,19987.903889
-141284,3000,20000.62334
-133520,3000,20013.42706
-119164,3000,20026.020762
-129192,3000,20039.491593
-111240,3000,20052.204005
-144192,3000,20065.609845
-139288,3000,20078.08094
-123252,3000,20090.936104
-132360,3000,20103.945053
-115216,3000,20116.751577
-100284,3000,20129.286252
-123176,3000,20142.378415
-122448,3000,20155.525285
-124308,3000,20168.710386
-116376,3000,20181.641825
-122444,3000,20193.974079
-116340,3000,20206.905961
-111164,3000,20219.098149
-129348,3000,20232.11794
-115220,3000,20245.284342
-85396,3000,20257.568928
-136556,3000,20270.374884
-117200,3000,20282.973475
-105376,3000,20295.489795
-132748,3000,20308.304639
-134280,3000,20321.117553
-89100,3000,20333.928508
-137420,3000,20347.277714
-130072,3000,20360.199739
-132316,3000,20373.350339
-110416,3000,20386.323825
-138344,3000,20399.526248
-121344,3000,20412.53773
-121060,3000,20425.767098
-102188,3000,20439.203583
-102192,3000,20452.08753
-108368,3000,20464.427068
-111180,3000,20477.748508
-123268,3000,20490.867444
-104416,3000,20503.153208
-125088,3000,20515.929829
-109188,3000,20528.931858
-108164,3000,20542.102756
-113348,3000,20554.853326
-141576,3000,20567.859159
-123224,3000,20580.149272
-110072,3000,20592.974835
-113324,3000,20605.506532
-115116,3000,20618.227776
-124100,3000,20631.04311
-97000,3000,20643.933521
-117236,3000,20656.45188
-112284,3000,20669.38468
-112252,3000,20682.080643
-107140,3000,20694.893686
-131392,3000,20707.69826
-117312,3000,20720.639489
-122404,3000,20733.652061
-120988,3000,20752.651598
-109204,3000,20765.603684
-123964,3000,20778.734183
-111400,3000,20791.742438
-100148,3000,20804.495557
-108456,3000,20816.805257
-90304,3000,20829.343767
-120240,3000,20841.773876
-107532,3000,20854.239709
-111128,3000,20867.445686
-114280,3000,20880.229439
-118252,3000,20893.026198
-117392,3000,20906.151951
-119196,3000,20919.528177
-116548,3000,20932.30297
-114408,3000,20945.600939
-96888,3000,20958.349993
-125384,3000,20971.610661
-99268,3000,20984.798841
-116376,3000,20997.348822
-118176,3000,21010.361951
-120212,3000,21023.266029
-120404,3000,21036.757301
-118120,3000,21049.51997
-109336,3000,21062.005366
-95168,3000,21075.435002
-120404,3000,21087.809516
-102280,3000,21100.182899
-99500,3000,21112.661982
-90168,3000,21125.219512
-120232,3000,21137.915461
-112168,3000,21150.638342
-117284,3000,21163.246
-97336,3000,21175.815553
-125564,3000,21188.415819
-109480,3000,21201.584968
-109292,3000,21214.768836
-115984,3000,21227.685215
-101436,3000,21240.809034
-122124,3000,21253.826065
-110508,3000,21266.106061
-110248,3000,21279.079196
-104300,3000,21291.944044
-126412,3000,21305.193685
-98988,3000,21317.860746
-116276,3000,21331.285548
-98344,3000,21343.872545
-103484,3000,21356.562886
-92296,3000,21369.761625
-93104,3000,21382.880483
-96536,3000,21395.369189
-93596,3000,21408.206131
-100488,3000,21420.959066
-100236,3000,21433.659192
-100028,3000,21446.733819
-96340,3000,21459.240732
-105560,3000,21472.38542
-110036,3000,21485.470579
-101064,3000,21498.492744
-105348,3000,21511.490809
-106288,3000,21524.503943
-104232,3000,21537.12507
-110512,3000,21550.499696
-99224,3000,21563.116427
-84448,3000,21575.60869
-90448,3000,21588.883782
-112532,3000,21608.844381
-100372,3000,21622.113688
-78308,3000,21635.381042
-86388,3000,21648.679289
-110436,3000,21661.971957
-83124,3000,21674.749362
-100388,3000,21687.943571
-90352,3000,21701.222152
-81168,3000,21713.842929
-94288,3000,21727.272614
-111328,3000,21740.17314
-104380,3000,21753.386366
-99196,3000,21766.220156
-116332,3000,21779.141244
-101164,3000,21791.824487
-107272,3000,21804.71976
-80288,3000,21817.338244
-87184,3000,21830.549958
-98104,3000,21843.375482
-92476,3000,21856.613904
-74224,3000,21869.558655
-107116,3000,21882.882872
-105312,3000,21895.727026
-109408,3000,21909.126701
-92260,3000,21922.44365
-95276,3000,21935.460236
-93316,3000,21948.335576
-94464,3000,21961.22617
-85192,3000,21974.699558
-100248,3000,21987.908116
-98092,3000,22001.148293
-112300,3000,22013.899549
-101748,3000,22026.985069
-110288,3000,22039.962032
-69156,3000,22052.477582
-100256,3000,22065.454082
-106088,3000,22077.973321
-105092,3000,22090.86562
-114244,3000,22103.601543
-95216,3000,22116.130461
-92592,3000,22128.330832
-92252,3000,22141.192477
-79256,3000,22153.576519
-97164,3000,22166.066313
-86180,3000,22179.206833
-83128,3000,22192.024409
-78052,3000,22204.312401
-103092,3000,22217.248069
-92108,3000,22230.071565
-86388,3000,22242.625653
-94248,3000,22255.744663
-103076,3000,22268.879142
-89308,3000,22281.407575
-87120,3000,22294.330255
-104308,3000,22307.508369
-77132,3000,22320.672061
-81144,3000,22333.756139
-98148,3000,22346.602196
-82288,3000,22359.264481
-101540,3000,22372.118734
-89296,3000,22384.698634
-80192,3000,22397.179618
-87372,3000,22410.139132
-94380,3000,22422.926535
-96260,3000,22435.57729
-77380,3000,22448.170893
-110880,3000,22461.131322
-95308,3000,22481.319638
-96192,3000,22494.220763
-77208,3000,22507.371515
-76996,3000,22520.305659
-92204,3000,22532.755793
-88380,3000,22545.367362
-79024,3000,22558.106712
-98340,3000,22570.778889
-92056,3000,22582.969924
-89152,3000,22596.202941
-79292,3000,22609.154937
-75320,3000,22621.898318
-88396,3000,22634.893896
-94628,3000,22647.745974
-95188,3000,22660.721684
-84540,3000,22673.435351
-90216,3000,22686.56859
-85380,3000,22699.349894
-105980,3000,22711.950187
-92212,3000,22724.574061
-93992,3000,22737.392434
-74092,3000,22750.005768
-89332,3000,22762.747748
-85180,3000,22775.797691
-83324,3000,22789.099537
-83048,3000,22802.19516
-101324,3000,22815.499232
-84464,3000,22828.267713
-79108,3000,22840.98836
-81980,3000,22853.513022
-86500,3000,22866.558567
-77136,3000,22879.408914
-74444,3000,22892.248898
-67120,3000,22905.194372
-91416,3000,22918.05447
-81960,3000,22931.116018
-85272,3000,22943.901749
-77156,3000,22956.743065
-92268,3000,22969.441404
-86004,3000,22982.454022
-68208,3000,22995.186731
-106536,3000,23007.774787
-85108,3000,23020.883946
-96368,3000,23033.997805
-88564,3000,23047.055533
-83280,3000,23060.365744
-73752,3000,23073.294882
-91448,3000,23086.170732
-79264,3000,23098.920866
-84036,3000,23112.090429
-94160,3000,23124.992193
-79148,3000,23138.075068
-79388,3000,23150.633715
-85164,3000,23163.407733
-70208,3000,23176.219284
-79392,3000,23189.308144
-71332,3000,23202.737168
-81248,3000,23216.240269
-86272,3000,23229.646684
-72372,3000,23242.916971
-100256,3000,23255.868794
-72256,3000,23268.771194
-82128,3000,23281.636095
-72032,3000,23294.930245
-61308,3000,23307.380794
-99440,3000,23320.453199
-76192,3000,23333.019581
-88252,3000,23352.411037
-88256,3000,23365.068741
-79456,3000,23377.693067
-73076,3000,23390.472827
-77388,3000,23403.514798
-65160,3000,23416.269678
-83236,3000,23429.257036
-72296,3000,23441.936211
-77296,3000,23454.766956
-67192,3000,23467.235773
-74288,3000,23479.995082
-69120,3000,23492.210591
-65964,3000,23505.430285
-89168,3000,23517.978789
-71288,3000,23530.496714
-71176,3000,23543.10351
-88068,3000,23555.842334
-73328,3000,23568.290498
-63992,3000,23581.205823
-71032,3000,23594.363483
-94320,3000,23607.930442
-81140,3000,23621.732799
-58180,3000,23634.648425
-72340,3000,23647.760165
-88504,3000,23660.880015
-75052,3000,23673.918715
-69108,3000,23686.343424
-66428,3000,23699.346995
-63124,3000,23711.686257
-64380,3000,23725.013264
-67280,3000,23737.63101
-62232,3000,23749.97831
-79320,3000,23762.745281
-76416,3000,23775.471467
-60224,3000,23788.07299
-60128,3000,23800.774284
-65300,3000,23812.891113
-68104,3000,23825.800753
-72456,3000,23838.466872
-67216,3000,23850.73725
-72596,3000,23863.196534
-79216,3000,23875.613451
-70988,3000,23888.597507
-55848,3000,23901.800068
-71536,3000,23914.318923
-50156,3000,23926.780692
-63764,3000,23940.383669
-83176,3000,23953.431617
-62884,3000,23966.16937
-74420,3000,23978.696465
-75432,3000,23991.573421
-74184,3000,24004.135917
-83476,3000,24017.186226
-64320,3000,24029.855997
-74028,3000,24043.103931
-57972,3000,24055.82344
-73404,3000,24068.625654
-63224,3000,24081.737329
-78416,3000,24094.649436
-81064,3000,24107.387164
-57348,3000,24119.68957
-57936,3000,24132.127414
-84456,3000,24144.614422
-62164,3000,24157.376682
-67412,3000,24171.299994
-63104,3000,24184.421507
-67916,3000,24205.160063
-56004,3000,24218.201189
-74452,3000,24230.59253
-61388,3000,24243.665393
-68128,3000,24256.564939
-68580,3000,24270.19624
-57176,3000,24283.037317
-63260,3000,24295.437954
-63240,3000,24308.428308
-64140,3000,24321.009163
-65880,3000,24333.991726
-66268,3000,24346.691941
-70368,3000,24359.846128
-58892,3000,24372.628018
-54328,3000,24385.352799
-37036,3000,24398.120823
-73232,3000,24411.342265
-66156,3000,24424.80672
-63572,3000,24437.607574
-62052,3000,24450.566727
-70176,3000,24463.563264
-61028,3000,24476.88588
-72864,3000,24490.993481
-60108,3000,24503.509503
-66052,3000,24516.470207
-47196,3000,24529.977628
-63256,3000,24543.212979
-76796,3000,24558.01689
-61224,3000,24571.286087
-61020,3000,24585.298846
-70036,3000,24600.600107
-59196,3000,24613.650147
-59016,3000,24626.365571
-58052,3000,24641.066803
-56964,3000,24655.199534
-53040,3000,24669.200359
-69152,3000,24683.694854
-68060,3000,24697.458771
-68072,3000,24711.398003
-55920,3000,24724.579921
-55116,3000,24740.050833
-65204,3000,24753.953078
-61096,3000,24768.737691
-36724,3000,24782.507877
-56628,3000,24795.474375
-58472,3000,24807.742109
-70004,3000,24820.615335
-61084,3000,24833.517787
-61100,3000,24846.071554
-69024,3000,24858.723659
-69188,3000,24872.739039
-63040,3000,24885.704695
-57252,3000,24898.1298
-57284,3000,24911.096493
-43000,3000,24923.689936
-59976,3000,24936.759484
-51368,3000,24950.234264
-58788,3000,24963.150123
-57776,3000,24977.089849
-59144,3000,24989.696754
-60228,3000,25003.059959
-52460,3000,25015.698472
-42108,3000,25028.905095
-52760,3000,25043.563683
-70120,3000,25057.404402
-59208,3000,25070.018472
